id,title,alias,venue,role,role_label,review_status,review_status_label,reading_scope,source_url,pdf_url,local_pdf,legacy35,new,main_venue,review_file,memo_sha256,code_status,code_commit,replay_status,whole_paper_read_claim,full_experiment_reproduced
A01,Disparate privacy risks from medical AI,Knolle / Disparate privacy risks,Nature 2026,medical,의료·identity·복제·방어,selected,PDF 선택 절 검토,"검토: PDF pp.2–3, 5의 논의 시작, 8·10의 방법 일부. 생성모델 실험 재현은 하지 않았다.",https://www.nature.com/articles/s41586-026-10688-0,https://www.nature.com/articles/s41586-026-10688-0.pdf,pdfs/A01.pdf,True,False,False,reviews/A01.md,b9c7c8fe4c95d0c199e93a637ef512941b3c533e79d9d6fc2de56965fdba46a0,not_acquired,,not_reproduced,False,False
A02,Unconditional latent diffusion models memorize patient imaging data,Dar / Medical LDM memorization,Nature Biomedical Engineering 2025,medical,의료·identity·복제·방어,selected,PDF 선택 절 검토,"생성 다양성·품질이 좋아도 copy 위험은 남을 수 있다는 핵심 의료 선행이다. 환자별 여러 사진에서 드러나는 membership와 복제 검사, 자연적인 동일인 유사도를 분리해야 한다. 검토: 공개 preprint pp.3–5, 16–17의 방법·결과 발췌. Nature 최종 PDF는 확보하지 못해 54쪽 저자 공개본으로 대체했으며 두 버전의 일치를 검증하지 않았다. [공개본](https://arxiv.org/abs/2402.01054), [최종 논문](https://www.nature.com/articles/s41551-025-01468-8)
",https://www.nature.com/articles/s41551-025-01468-8,https://www.nature.com/articles/s41551-025-01468-8.pdf,pdfs/A02.pdf,True,False,False,reviews/A02.md,fd7c1daace472e33af1792ea6e2bdb6f8642ddc55498d8e025d8e1292f54e6eb,not_acquired,,not_reproduced,False,False
A03,"CheXGenBench: A Unified Benchmark For Fidelity, Privacy and Utility of Synthetic Chest Radiographs",CheXGenBench,TMLR 2026 / arXiv 공개본,medical,의료·identity·복제·방어,selected,PDF 선택 절 검토,"검토: PDF pp.5–7, 9, 방법 §2.3–2.4 및 Table 3. TMLR 2026 공개본. 코드 실행 없음.",https://arxiv.org/abs/2505.10496,https://arxiv.org/pdf/2505.10496,pdfs/A03.pdf,True,False,False,reviews/A03.md,950686470a99442d76e37ebab3ffa780f2cae5928c959944f8d8561853ba2bbc,not_acquired,,not_reproduced,False,False
A04,Auditing Patient Privacy in Medical Generative Models: Scalable Memorization Detection with DeepSSIM++,DeepSSIM++,arXiv 2026-09,medical,의료·identity·복제·방어,selected,PDF 선택 절 검토,"검토: PDF pp.6–8, 11, 13. 2026-09 preprint; 메인 학회 SOTA로 표기하지 않는다.",https://arxiv.org/abs/2609.03615,https://arxiv.org/pdf/2609.03615,pdfs/A04.pdf,True,False,False,reviews/A04.md,8bbd45be2206479cdd9f25907d031314237954395141273b65f5484c6f9c835b,not_acquired,,not_reproduced,False,False
A05,Membership Inference or Data Split Bias? Identifying False Positives in Synthetic Medical Image Privacy Audits,Medical MIA split bias,MIE / Studies in Health Technology and Informatics 2026,medical,의료·identity·복제·방어,selected,PDF 선택 절 검토,"검토: PDF pp.2–5, 방법·Table 1. MIE 2026 논문; 재현 없음.",https://journals.sagepub.com/doi/10.3233/SHTI260258,https://pure-oai.bham.ac.uk/ws/portalfiles/portal/304478106/BaiL2026Membership.pdf,pdfs/A05.pdf,True,False,False,reviews/A05.md,2c62d3e0f98f4c6aa1e46ac9dac0ce699d4a8ad80ed67866e9e2988a49cbb787,not_acquired,,not_reproduced,False,False
A06,FACE-AUDITOR: Data Auditing in Facial Recognition Systems,FACE-AUDITOR,USENIX Security 2023,medical,의료·identity·복제·방어,selected,PDF 선택 절 검토,"검토: PDF pp.5–8, 10, 위협모델·알고리즘·실험 조건과 결과 서술. USENIX Security 2023.",https://www.usenix.org/conference/usenixsecurity23/presentation/chen-min,https://www.usenix.org/system/files/usenixsecurity23-chen-min.pdf,pdfs/A06.pdf,True,False,True,reviews/A06.md,f5820ab8cf5964571d6aae8ced73657762ffda04c08ff81f5ac688e1b5b38e26,not_acquired,,not_reproduced,False,False
A07,User-Level Membership Inference Attack against Metric Embedding Learning,User-level embedding MIA,ICLR 2022 PAIR²Struct workshop,medical,의료·identity·복제·방어,selected,PDF 선택 절 검토,"검토: PDF pp.3–5, 방법·Tables 1–3. ICLR 2022 PAIR²Struct 워크숍.",https://iclr.cc/virtual/2022/7498,https://arxiv.org/pdf/2203.02077,pdfs/A07.pdf,True,False,False,reviews/A07.md,095efadcd39c03b003e3c4b86dff3a028d3fc5580d421722d4c4d84e84d24750,not_acquired,,not_reproduced,False,False
A08,DIME: Query-Efficient Framework for Membership Inference on Diffusion Models,DIME,arXiv 2026-08,attack,공격 비교 후보,selected,PDF 선택 절 검토,"검토: 본문 pp.4, 7–9, 11–13; 2026-08 preprint. 실행 없음.",https://arxiv.org/abs/2608.22824,https://arxiv.org/pdf/2608.22824,pdfs/A08.pdf,True,False,False,reviews/A08.md,e7736a6f2fee3d51c3ff8d6e2aa01d10eb684108ca7bc9bdabe8469b4ae9502e,not_acquired,,not_reproduced,False,False
A09,Membership Inference Attacks on Diffusion Models via Quantile Regression,Quantile-regression MIA,ICML 2024,attack,공격 비교 후보,selected,PDF 선택 절 검토,"검토: 본문 pp.2–8, 부록 p.11. 논문 수식·실험 검토, 코드 재현 미완료. [공식 PDF](https://raw.githubusercontent.com/mlresearch/v235/main/assets/tang24g/tang24g.pdf)
",https://proceedings.mlr.press/v235/tang24g.html,https://raw.githubusercontent.com/mlresearch/v235/main/assets/tang24g/tang24g.pdf,pdfs/A09.pdf,True,False,True,reviews/A09.md,d917250c585efe60bccab2f95817aa30af4eb0faf1c4a383f9afc3a391179ffd,not_acquired,,not_reproduced,False,False
A10,An Efficient Membership Inference Attack for the Diffusion Model by Proximal Initialization,PIA / PIAN,ICLR 2024,attack,공격 비교 후보,selected,PDF 선택 절 검토,검토: pp.4–6 방법·Tables 2–3. 해당 범위의 방법·결과 대조이며 전 페이지 정독/모델 실행은 아니다.,https://proceedings.iclr.cc/paper_files/paper/2024/file/ff73af253974e6144c4eddf896d3095a-Paper-Conference.pdf,https://proceedings.iclr.cc/paper_files/paper/2024/file/ff73af253974e6144c4eddf896d3095a-Paper-Conference.pdf,pdfs/A10.pdf,True,False,True,reviews/A10.md,ed69ba8cf2a550f50c14917a27f6946aaadd2eaad2934b21d17dac9bc2be251c,not_acquired,,not_reproduced,False,False
A11,Are Diffusion Models Vulnerable to Membership Inference Attacks?,SecMI,ICML 2023,attack,공격 비교 후보,selected,PDF 선택 절 검토,검토: pp.5–7 방법·Tables 2–3. 해당 범위의 방법·결과 대조이며 전 페이지 정독/모델 실행은 아니다.,https://proceedings.mlr.press/v202/duan23b.html,https://proceedings.mlr.press/v202/duan23b/duan23b.pdf,pdfs/A11.pdf,True,False,True,reviews/A11.md,1fd1d0fcd37585f4ca263edfad5cba4a4a0aacabd9a45d802ae2376b4fa87826,not_acquired,,not_reproduced,False,False
A12,Membership Inference on Text-to-Image Diffusion Models via Conditional Likelihood Discrepancy,CLiD,NeurIPS 2024,attack,공격 비교 후보,selected,PDF 선택 절 검토,"검토: NeurIPS 2024 PDF 본문 pp.1–10, 부록 선택 부분; 공식 부록 cal_clid_th.py와 제공 score 파일 독립 재계산 완료. 이미지 특징 추출/의료 공격 재현은 아직 아니다.",https://proceedings.neurips.cc/paper_files/paper/2024/hash/874411a224a1934b80d499068384808b-Abstract-Conference.html,https://proceedings.neurips.cc/paper_files/paper/2024/file/874411a224a1934b80d499068384808b-Paper-Conference.pdf,pdfs/A12.pdf,True,False,True,reviews/A12.md,79e0c43af92f08b348b806fa5def269f3cf37846d27f85b93afa8c9764a9487d,official_supplement_text_extracted_not_executed,,public_packet_only,False,False
A13,Towards Black-Box Membership Inference Attack for Diffusion Models,Black-box diffusion MIA,ICML 2025,attack,공격 비교 후보,selected,PDF 선택 절 검토,"검토: pp.3–6 선택 본문, Algorithm 1·Tables 1–3. 해당 범위의 방법·결과 대조이며 전 페이지 정독/모델 실행은 아니다.",https://proceedings.mlr.press/v267/li25k.html,https://raw.githubusercontent.com/mlresearch/v267/main/assets/li25k/li25k.pdf,pdfs/A13.pdf,True,False,True,reviews/A13.md,822e4ff077e4542290e2cb012ebf22a1238dfcd83b3e88ad9f9dfb47aec46e52,not_acquired,,not_reproduced,False,False
A14,Extracting Training Data from Diffusion Models,Carlini / Training-data extraction,USENIX Security 2023,medical,의료·identity·복제·방어,selected,PDF 선택 절 검토,"검토: pp.5, 8, 13 선택 본문: 정의·추출/회원추론 비교·Table 1. 해당 범위의 방법·결과 대조이며 전 페이지 정독/모델 실행은 아니다.",https://www.usenix.org/conference/usenixsecurity23/presentation/carlini,https://www.usenix.org/system/files/usenixsecurity23-carlini.pdf,pdfs/A14.pdf,True,False,True,reviews/A14.md,74bc7ea44c4d1945b9726c8e3894a935d4db57716bcf047cb2a7f8cebcfa0f05,not_acquired,,not_reproduced,False,False
A15,Towards All-in-One Medical Image Re-Identification,MaMI / All-in-One MedReID,CVPR 2025,medical,의료·identity·복제·방어,selected,PDF 선택 절 검토,검토: pp.4–7 선택 본문: 모듈·학습·Tables 2–5. 해당 범위의 방법·결과 대조이며 전 페이지 정독/모델 실행은 아니다.,https://openaccess.thecvf.com/content/CVPR2025/html/Tian_Towards_All-in-One_Medical_Image_Re-Identification_CVPR_2025_paper.html,https://openaccess.thecvf.com/content/CVPR2025/papers/Tian_Towards_All-in-One_Medical_Image_Re-Identification_CVPR_2025_paper.pdf,pdfs/A15.pdf,True,False,True,reviews/A15.md,607a76796d5ba5ff4d90b8bbb4a8f8b2461bc5e579424e541b2d0b5f108e9546,not_acquired,,not_reproduced,False,False
A16,Deep Learning-based Patient Re-identification Is able to Exploit the Biometric Nature of Medical Chest X-ray Data,Packhäuser / CXR biometric ReID,arXiv 2021 공개본,medical,의료·identity·복제·방어,selected,PDF 선택 절 검토,"우리의 실제 CXR Re-ID가 잘 된다는 결과는 이 선행의 재확인에 가깝다. 그 자체로 generator가 해당 환자를 학습했거나 유출했다는 증거가 되지 않는다. real–real 양성 대조와 synthetic–real 평가를 분리하고, 최신 MaMI 같은 의료 Re-ID와 비교한다. 검토: pp.3, 7, 10 방법·표 발췌; 미재현. [원문](https://arxiv.org/abs/2103.08562)
",https://arxiv.org/abs/2103.08562,https://arxiv.org/pdf/2103.08562,pdfs/A16.pdf,False,False,False,reviews/A16.md,bca12386e755d315e37b2367a633c6b4fb126565fc6ebf25ff104ee577829153,not_acquired,,not_reproduced,False,False
A17,The Devil is in the Prompts: De-Identification Traces Enhance Memorization Risks in Synthetic Chest X-Ray Generation,The Devil is in the Prompts,arXiv 2025 공개본,medical,의료·identity·복제·방어,selected,PDF 선택 절 검토,"기여 충돌: prompt별 tail, conditional norm, 보고서 비식별화 흔적을 이용한 의료 memorization 분석은 이미 존재한다. 우리 데이터가 NIH class prompt이면 MIMIC report-marker 효과가 같은 원인이라고 주장할 수 없다. 검토: pp.4–7의 방법·결과 본문 발췌; 미재현. [원문](https://arxiv.org/abs/2502.07516)
",https://arxiv.org/abs/2502.07516,https://arxiv.org/pdf/2502.07516,pdfs/A17.pdf,False,False,False,reviews/A17.md,2295e43823ee3be37396258aa2501e3290a05173361e1479a0395e7342178778,not_acquired,,not_reproduced,False,False
A18,An Inversion-based Measure of Memorization for Diffusion Models,InvMM,ICCV 2025,medical,의료·identity·복제·방어,selected,PDF 선택 절 검토,"검토: pp.4–5, 8 선택 본문; Algorithm 1. 해당 범위의 방법·결과 대조이며 전 페이지 정독/모델 실행은 아니다.",https://openaccess.thecvf.com/content/ICCV2025/html/Ma_An_Inversion-based_Measure_of_Memorization_for_Diffusion_Models_ICCV_2025_paper.html,https://openaccess.thecvf.com/content/ICCV2025/papers/Ma_An_Inversion-based_Measure_of_Memorization_for_Diffusion_Models_ICCV_2025_paper.pdf,pdfs/A18.pdf,True,False,True,reviews/A18.md,6ed5001766a18e7af828a40674f62e3631597fa0b6050f0f896dd1bd8c95cd1c,not_acquired,,not_reproduced,False,False
A19,Can Diffusion Models Generalize? Privacy and Fairness Trade-offs for Medical Data Sharing.,Dombrowski / Privacy and fairness,MIDL 2026,medical,의료·identity·복제·방어,selected,PDF 선택 절 검토,"검토: pp.3–8 선택 본문, Tables 1–2. 해당 범위의 방법·결과 대조이며 전 페이지 정독/모델 실행은 아니다.",https://proceedings.mlr.press/v301/dombrowski26a.html,https://raw.githubusercontent.com/mlresearch/v301/main/assets/dombrowski26a/dombrowski26a.pdf,pdfs/A19.pdf,True,False,False,reviews/A19.md,93b2fe0186238b20ca87e7cdf6e941ec98360e14bf9ee4774c4e6a290e5e19f5,not_acquired,,not_reproduced,False,False
A20,Privacy-Preserving Latent Diffusion-Based Synthetic Medical Image Generation,Medical LDM filtering,IEEE Transactions on Medical Imaging 2026,medical,의료·identity·복제·방어,partial,공식 본문 일부만 확인,"Privacy-enhanced filtering이라는 명칭을 (ε,δ)-DP 보장으로 읽으면 안 된다. CXR Re-ID filtering, 근접 복제 제거, utility 보존을 주장할 때 겹치는 선행이다. 검토: **공식 본문 일부**, 환자 adjacency·MIA 전체 검증·코드 재현 미완료.
",https://pmc.ncbi.nlm.nih.gov/articles/PMC13034593/,https://pmc.ncbi.nlm.nih.gov/articles/PMC13034593/pdf/nihms-2153980.pdf,,True,False,False,reviews/A20.md,0bb23ef0510fe79723c3f70fd24e1f747cb96b343fb8d2ea45d2ea4aed894f29,not_acquired,,not_reproduced,False,False
A21,Patient-level Machine Unlearning in Latent Diffusion Models: On the Limits of the Privacy-Utility Trade-off,Patient-level diffusion unlearning,MIDL 2026 Short Paper Track,medical,의료·identity·복제·방어,partial,공식 본문 일부만 확인,"unlearning은 기존 학습 영향의 제거, DP는 인접 학습 데이터에 대한 출력 분포 보장이다. 둘을 같은 ε baseline처럼 비교하지 않는다. 우리 현재 audit 방향의 직접 공격 SOTA는 아니지만, 삭제·익명화로 방향을 바꿀 경우 반드시 방법 원문을 해결해야 한다. 검토 수준: **공식 원문 일부**, 전체 분석 미완료.
",https://openreview.net/pdf?id=x83b7ybcB1,https://openreview.net/pdf?id=x83b7ybcB1,,True,False,False,reviews/A21.md,6b142d0ff6c8afb5100c83216a7d34eb0c7b67d5f6d1fdc79bfa399a6430e926,not_acquired,,not_reproduced,False,False
A22,"Hide Identity, Preserve Pathology: Diffusion-Based Anonymization for Chest X-rays",PrivDiff-Net,PMLR 317 / 2026,medical,의료·identity·복제·방어,selected,PDF 선택 절 검토,"검토: pp.3–4, 6 선택 본문, Table 1. 해당 범위의 방법·결과 대조이며 전 페이지 정독/모델 실행은 아니다.",https://proceedings.mlr.press/v317/akhter26a.html,https://raw.githubusercontent.com/mlresearch/v317/main/assets/akhter26a/akhter26a.pdf,pdfs/A22.pdf,True,False,False,reviews/A22.md,c5ef89a870cf2a2cdb6ce6481b4be99fe9d1c3546f24516e742b01c640903a88,not_acquired,,not_reproduced,False,False
A23,Semantic versus Identity: A Divide-and-Conquer Approach towards Adjustable Medical Image De-Identification,Semantic versus Identity,ICCV 2025,medical,의료·identity·복제·방어,selected,PDF 선택 절 검토,"검토: ICCV25 pp.3–6 선택 본문, Table 1. 해당 범위의 방법·결과 대조이며 전 페이지 정독/모델 실행은 아니다.",https://openaccess.thecvf.com/content/ICCV2025/html/Tian_Semantic_versus_Identity_A_Divide-and-Conquer_Approach_towards_Adjustable_Medical_Image_ICCV_2025_paper.html,https://openaccess.thecvf.com/content/ICCV2025/papers/Tian_Semantic_versus_Identity_A_Divide-and-Conquer_Approach_towards_Adjustable_Medical_Image_ICCV_2025_paper.pdf,pdfs/A23.pdf,True,False,True,reviews/A23.md,cd553507cc5391ef53eb3deb06788b53d03dec9daf37c62223e5c90b6f5d0095,not_acquired,,not_reproduced,False,False
A24,Generation of Anonymous Chest Radiographs Using Latent Diffusion Models for Training Thoracic Abnormality Classification Systems,Anonymous CXR synthesis,arXiv 2022 공개본,medical,의료·identity·복제·방어,selected,PDF 선택 절 검토,"환자 biometric 위험을 검사하며 utility를 유지하는 생성·필터링은 이미 연구된다. threshold 0.5 filtering은 formal DP가 아니며, 다른 verifier나 patient FPR에 대한 보장도 아니다. 현재 방향이 filtering으로 바뀌면 반드시 직접 대비할 선행이다. 검토: pp.2–4 방법·결과 발췌; 미재현. [원문](https://arxiv.org/abs/2211.01323)
",https://arxiv.org/abs/2211.01323,https://arxiv.org/pdf/2211.01323,pdfs/A24.pdf,False,False,False,reviews/A24.md,564de093a6d01a37d40f071b9af8857a2e2fe1044de02d34a8317e819eae2175,not_acquired,,not_reproduced,False,False
A25,MemControl: Mitigating Memorization in Diffusion Models via Automated Parameter Selection,MemControl,WACV 2025,medical,의료·identity·복제·방어,selected,PDF 선택 절 검토,"검토: WACV25 pp.3–4, 6–7 선택 본문. 해당 범위의 방법·결과 대조이며 전 페이지 정독/모델 실행은 아니다.",https://openaccess.thecvf.com/content/WACV2025/html/Dutt_MemControl_Mitigating_Memorization_in_Diffusion_Models_via_Automated_Parameter_Selection_WACV_2025_paper.html,https://openaccess.thecvf.com/content/WACV2025/papers/Dutt_MemControl_Mitigating_Memorization_in_Diffusion_Models_via_Automated_Parameter_Selection_WACV_2025_paper.pdf,pdfs/A25.pdf,True,False,True,reviews/A25.md,db28b7b396f6d092f6e17554578305fe01327473008498b80e605ab232c0c041,not_acquired,,not_reproduced,False,False
A26,Enhancing Privacy-Utility Trade-offs to Mitigate Memorization in Diffusion Models,Privacy-utility memorization mitigation,CVPR 2025,medical,의료·identity·복제·방어,selected,PDF 선택 절 검토,"검토: CVPR25 pp.3–5, 7 선택 본문. 해당 범위의 방법·결과 대조이며 전 페이지 정독/모델 실행은 아니다.",https://openaccess.thecvf.com/content/CVPR2025/html/Chen_Enhancing_Privacy-Utility_Trade-offs_to_Mitigate_Memorization_in_Diffusion_Models_CVPR_2025_paper.html,https://openaccess.thecvf.com/content/CVPR2025/papers/Chen_Enhancing_Privacy-Utility_Trade-offs_to_Mitigate_Memorization_in_Diffusion_Models_CVPR_2025_paper.pdf,pdfs/A26.pdf,True,False,True,reviews/A26.md,4ed53924b17a1b6c12bdd453c6179f317daca0e3b8368d32a6d22a294640a423,not_acquired,,not_reproduced,False,False
B01,User-Level Differential Privacy in Medical Machine Learning,Kaiser / Medical user-level DP,TPDP 2025,unit,보호 단위·회계,selected,PDF 선택 절 검토,"우리 비교에는 공개 k 가정과 contribution cap을 적고, tight group accounting과 user sampling을 함께 둔다. 환자 수·영상 수·연산량을 맞춘 개선이 필요하다. 검토 범위: pp.1–4의 방법·실험 부분 발췌 대조; 전체 증명 검증이나 재현은 하지 않았다. [공식 원문](https://tpdp.journalprivacyconfidentiality.org/2025/pdf/kaiser.pdf)
",https://tpdp.journalprivacyconfidentiality.org/2025/pdf/kaiser.pdf,https://tpdp.journalprivacyconfidentiality.org/2025/pdf/kaiser.pdf,pdfs/B01.pdf,True,False,False,reviews/B01.md,d368f66df03a56a95489b52f7f8fb155b4455317d728a26de750a9beb54a984d,not_acquired,,not_reproduced,False,False
B02,P3SGD: Patient Privacy Preserving SGD for Regularizing Deep CNNs in Pathological Image Classification,P3SGD,CVPR 2019,unit,보호 단위·회계,selected,PDF 선택 절 검토,"‘환자 단위 clipping을 의료영상에 적용’은 이미 CVPR 2019의 기여다. 분류 모델이므로 최신 diffusion 생성 품질의 직접 SOTA는 아니며, 환자 DP 학습 구조의 필수 선행으로 인용한다. 검토: pp.4–5, 7 방법·표 발췌, 미재현. [공식 원문](https://openaccess.thecvf.com/content_CVPR_2019/html/Wu_P3SGD_Patient_Privacy_Preserving_SGD_for_Regularizing_Deep_CNNs_in_CVPR_2019_paper.html)
",https://openaccess.thecvf.com/content_CVPR_2019/html/Wu_P3SGD_Patient_Privacy_Preserving_SGD_for_Regularizing_Deep_CNNs_in_CVPR_2019_paper.html,https://openaccess.thecvf.com/content_CVPR_2019/papers/Wu_P3SGD_Patient_Privacy_Preserving_SGD_for_Regularizing_Deep_CNNs_in_CVPR_2019_paper.pdf,pdfs/B02.pdf,True,False,True,reviews/B02.md,28dff7c5b93f791c9127508619726721586a978e1d4dd0300c481ed5e62ce1ae,not_acquired,,not_reproduced,False,False
B03,Learning To Generate Image Embeddings With User-Level Differential Privacy,DP-FedEmb,CVPR 2023,unit,보호 단위·회계,selected,PDF 선택 절 검토,"우리 연구에서는 공개 backbone·user update 학습의 선행으로 사용한다. 합성영상 FID 직접 비교군에는 넣지 않는다. 검토: pp.3–4, 7–8의 방법·실험 가정 발췌; 미재현. [CVPR 2023 원문](https://openaccess.thecvf.com/content/CVPR2023/papers/Xu_Learning_To_Generate_Image_Embeddings_With_User-Level_Differential_Privacy_CVPR_2023_paper.pdf)
",https://openaccess.thecvf.com/content/CVPR2023/papers/Xu_Learning_To_Generate_Image_Embeddings_With_User-Level_Differential_Privacy_CVPR_2023_paper.pdf,https://openaccess.thecvf.com/content/CVPR2023/papers/Xu_Learning_To_Generate_Image_Embeddings_With_User-Level_Differential_Privacy_CVPR_2023_paper.pdf,pdfs/B03.pdf,True,False,True,reviews/B03.md,b18c0379443da47807da34cf30e5fdb0051a5b2317599e5b77f8afb7b66d55e2,not_acquired,,not_reproduced,False,False
B04,Fine-Tuning Large Language Models with User-Level Differential Privacy,Charles / Fixed-compute ELS vs ULS,arXiv 2024 공개본; fixed-compute 제목은 저자 2025 설명 참조,unit,보호 단위·회계,selected,PDF 선택 절 검토,"검토: pp.3–4, 8–11의 알고리즘·고정 연산량 결과 발췌; 증명 전체 검증·학습 재현은 미완료. [저자 공개 원문](https://arxiv.org/abs/2407.07737)
",https://arxiv.org/abs/2407.07737,https://arxiv.org/pdf/2407.07737,pdfs/B04.pdf,True,False,False,reviews/B04.md,4cafdbb61f7302b97b73dab0f5eddfbfa581c5713c463e36eb4983fda4211ca6,not_acquired,,not_reproduced,False,False
B05,Mind the Privacy Unit! User-Level Differential Privacy for Language Model Fine-Tuning,Mind the Privacy Unit!,COLM 2024 / arXiv 공개본,unit,보호 단위·회계,selected,PDF 선택 절 검토,"영상 생성의 성능 수치를 직접 비교할 논문은 아니다. 보호 단위와 contribution cap, sampling 선택의 알고리즘 선행으로 필수 인용한다. 검토: pp.2–4, 6의 방법·실험 발췌; 전체 이론 검증·재현 미완료. [COLM 공개 원문](https://arxiv.org/abs/2406.14322)
",https://arxiv.org/abs/2406.14322,https://arxiv.org/pdf/2406.14322,pdfs/B05.pdf,False,False,True,reviews/B05.md,08598d22cd7f1f89381abd5f468d740c380c06d02f72fb55850ea8272e1ea330,not_acquired,,not_reproduced,False,False
B06,Tight Group-Level DP Guarantees for DP-SGD with Sampling via Mixture of Gaussians Mechanisms,Ganesh / Tight group privacy,arXiv 2024 공개본,unit,보호 단위·회계,selected,PDF 선택 절 검토,"우리의 ELS 비교군에는 sampling·cap·add/remove 방향·수치 오차를 명시한 accountant를 사용해야 한다. 논문은 기여 충돌과 회계 기준선이며 생성모델이 아니다. 검토: pp.2–4, 6의 정의·정리·회계 구조; 전체 증명 검산과 구현 검증은 하지 않았다. [원문](https://arxiv.org/abs/2401.10294)
",https://arxiv.org/abs/2401.10294,https://arxiv.org/pdf/2401.10294,pdfs/B06.pdf,False,False,False,reviews/B06.md,edc3838d51f6808854bcaa8505703122102952fdd4cb224a8f766d3c55acd99b,not_acquired,,not_reproduced,False,False
B07,Subject Granular Differential Privacy in Federated Learning,HiGradAvgDP,arXiv 2022 공개본,unit,보호 단위·회계,selected,PDF 선택 절 검토,"검토: pp.3–6의 알고리즘과 합성 가정 발췌, p.8의 이론 일부; 실험 전체·증명 전체·코드 재현은 미완료. [원문](https://arxiv.org/abs/2206.03617)
",https://arxiv.org/abs/2206.03617,https://arxiv.org/pdf/2206.03617,pdfs/B07.pdf,False,False,False,reviews/B07.md,3669abb7c39426f2ce4d49284316c0fa978b9ed037eee363c70d93d521a4b8ea,not_acquired,,not_reproduced,False,False
B08,Differentially Private Fine-Tuning of Diffusion Models,DP-LoRA,ICCV 2025,training,생성 학습 비교 후보,selected,PDF 선택 절 검토,"검토: 본문 pp.2–8, 표와 가정 대조. 공개 코드 commit `5c48a64c6c12b5c98e5d1eaf28fbede1a3f19bd2` 확보, 실행 미완료. [공식 PDF](https://openaccess.thecvf.com/content/ICCV2025/papers/Tsai_Differentially_Private_Fine-Tuning_of_Diffusion_Models_ICCV_2025_paper.pdf)
",https://openaccess.thecvf.com/content/ICCV2025/html/Tsai_Differentially_Private_Fine-Tuning_of_Diffusion_Models_ICCV_2025_paper.html,https://openaccess.thecvf.com/content/ICCV2025/papers/Tsai_Differentially_Private_Fine-Tuning_of_Diffusion_Models_ICCV_2025_paper.pdf,pdfs/B08.pdf,True,False,True,reviews/B08.md,7a257564a31ffcb4dde53f0c9e6d34397a5b547f3ffbb1120b00157221f3322c,source_downloaded_not_executed,5c48a64c6c12b5c98e5d1eaf28fbede1a3f19bd2,not_reproduced,False,False
B09,Differentially Private Diffusion Models,DPDM,TMLR 2023 / arXiv 공개본,training,생성 학습 비교 후보,selected,PDF 선택 절 검토,"역사적 핵심 기준선이다. 현재 SD2.1 LoRA 연구에는 동일 backbone DP-LoRA/DP-LDM이 더 직접적이며, from-scratch 최고 성능을 주장할 때 DPDM을 추가한다. 검토: pp.4–6, 8의 방법·실험 설계 부분; 44쪽 전체 및 학습 재현 미완료. [원문](https://arxiv.org/abs/2210.09929)
",https://arxiv.org/abs/2210.09929,https://arxiv.org/pdf/2210.09929,pdfs/B09.pdf,True,False,False,reviews/B09.md,e7239e47801a686bf6580bebf67130a911338d249fcea7624248672e8aa070c2,not_acquired,,not_reproduced,False,False
B10,Differentially Private Latent Diffusion Models,DP-LDM,TMLR 2024 / arXiv 공개본,training,생성 학습 비교 후보,selected,PDF 선택 절 검토,"논문별 최고 숫자만 모아 우열을 단정할 수 없다. 우리 기본 생성 비교군에 동일 SD backbone의 attention-only DP-LDM과 DP-LoRA를 둔다. 보호 단위는 원문의 record에서 환자로 바꾸면 새 회계가 필요하다. 검토: pp.5–6, 8, 12 방법·표 발췌, 미재현. [공식 원문](https://openreview.net/pdf?id=AkdQ266kHj)
",https://openreview.net/pdf?id=AkdQ266kHj,https://arxiv.org/pdf/2305.15759,pdfs/B10.pdf,True,False,False,reviews/B10.md,a50c0f658ec81966b650492d415466fd0ba2ef7ad60472db810f4d502e2c4906,not_acquired,,not_reproduced,False,False
B11,PrivImage: Differentially Private Synthetic Image Generation using Diffusion Models with Semantic-Aware Pretraining,PrivImage,USENIX Security 2024,training,생성 학습 비교 후보,selected,PDF 선택 절 검토,"공개 자료가 CXR과 어긋나는 문제를 해결하겠다면 필수 선행이다. 환자 단위에서는 histogram vote의 환자별 총 기여를 제한하고 그 비용을 포함해야 한다. 검토: pp.6–7, 10 일부 방법·표; 미재현. [USENIX 원문](https://www.usenix.org/conference/usenixsecurity24/presentation/li-kecen)
",https://www.usenix.org/conference/usenixsecurity24/presentation/li-kecen,https://www.usenix.org/system/files/usenixsecurity24-li-kecen.pdf,pdfs/B11.pdf,True,False,True,reviews/B11.md,0c069b50f4bfe18b94669f22d93b8282efeff41dbba49052823cd1bea67180a6,not_acquired,,not_reproduced,False,False
B12,dp-promise: Differentially Private Diffusion Probabilistic Models for Image Synthesis,dp-promise,USENIX Security 2024,training,생성 학습 비교 후보,selected,PDF 선택 절 검토,"직접 확인한 Algorithm 1의 Phase I는 noisy input x_t와 같은 noise z를 회귀 target으로 사용한다. **검토자의 미해결 이론 쟁점:** x_t의 marginal DP만으로 (x_t,z)에 의존하는 학습의 DP가 자동 도출되지는 않는다. 실제로 둘을 알면 x를 복원할 수 있다. 이는 최종 모델이 곧 비공개라는 반례를 완성한 것은 아니며, 논문의 전체 보장을 무효라고 판정한 것도 아니다. 다만 이 연결을 확인하기 전 우리 환자 DP의 인증 근거로 가져오면 안 된다. [pp.7–9](../pdfs/B12.pdf#page=7) / 또한 Phase I 합성에 asymptotic GDP 분석을 사용한다. 유한 표본 RDP/PLD 회계와 같은 정확성으로 취급하지 않는다. 현 단계 역할은 timestep별 privacy 배분의 강한 아이디어 선행이자 조건부 비교군이다. 검토: pp.7–9, 12 및 Algorithm 1 전체; 증명 전체 검산·코드 재현 미완료. [USENIX 원문](https://www.usenix.org/conference/usenixsecurity24/presentation/wang-haichen)
",https://www.usenix.org/conference/usenixsecurity24/presentation/wang-haichen,https://www.usenix.org/system/files/usenixsecurity24-wang-haichen.pdf,pdfs/B12.pdf,True,False,True,reviews/B12.md,4ca40bb9ea1e06d334ea61be3c2fd151b26d3e31d04dbf2e53a511e72c3d0225,not_acquired,,not_reproduced,False,False
B13,RAPID: Retrieval Augmented Training of Differentially Private Diffusion Models,RAPID,ICLR 2025,training,생성 학습 비교 후보,selected,PDF 선택 절 검토,"검토: 본문 pp.3–8, 부록 pp.14–15. 공개 코드 확보 진행, 실행 미완료. [공식 PDF](https://proceedings.iclr.cc/paper_files/paper/2025/file/5a04615295b7512ad3ce691400e26bc7-Paper-Conference.pdf)
",https://proceedings.iclr.cc/paper_files/paper/2025/hash/5a04615295b7512ad3ce691400e26bc7-Abstract-Conference.html,https://proceedings.iclr.cc/paper_files/paper/2025/file/5a04615295b7512ad3ce691400e26bc7-Paper-Conference.pdf,pdfs/B13.pdf,True,False,True,reviews/B13.md,88eb23fd44aa69e7837328d036d991b717395b3cc9ed80494f56ce30868a6bcb,source_downloaded_not_executed,7ff6c268f88a04a2852b49488d2875bfc2a19311,not_reproduced,False,False
B14,On Differentially Private 3D Medical Image Synthesis with Controllable Latent Diffusion Models,Daum / Private 3D medical LDM,DGM4MICCAI 2024 / arXiv 공개본,training,생성 학습 비교 후보,selected,PDF 선택 절 검토,"의료영상+latent diffusion+DP는 이미 존재한다. 우리 환자 보호 단위의 명확화는 필요하지만 그 자체가 CVPR 알고리즘 기여를 보장하지 않는다. 저자의 8×V100 시간은 현재 장비의 K10 예상시간으로 대체할 수 없다. 검토: pp.3–4, 6–7 발췌, 미재현. [원문](https://arxiv.org/abs/2407.16405)
",https://arxiv.org/abs/2407.16405,https://arxiv.org/pdf/2407.16405,pdfs/B14.pdf,True,False,False,reviews/B14.md,5407132eb43fe6cde5dbd39c94c65772f24a93549acfd568a65024240bcab38a,not_acquired,,not_reproduced,False,False
B15,Differentially Private Diffusion Models Generate Useful Synthetic Images,DP diffusion useful synthetic images,arXiv 2023 공개본,training,생성 학습 비교 후보,selected,PDF 선택 절 검토,"우리 비교에서는 FID와 CXR 질환 효용을 함께 보고, public pretraining·noise multiplicity·최적화 예산을 맞춘다. 검토: pp.3–4, 6 방법 및 대표 결과의 발췌; 전체 수치표 재검산·재현 미완료. [저자 원문](https://arxiv.org/html/2302.13861)
",https://arxiv.org/html/2302.13861,https://arxiv.org/pdf/2302.13861,pdfs/B15.pdf,False,False,False,reviews/B15.md,81379e0084adefc8d12a26b1161cf07a97b90e2cc933e60a913078a93bd90477,not_acquired,,not_reproduced,False,False
B16,Synthesize Privacy-Preserving High-Resolution Images via Private Textual Intermediaries,SPTI,NeurIPS 2025,training,생성 학습 비교 후보,selected,PDF 선택 절 검토,"고해상도 DP 합성 자체는 이미 연구된다. CXR에서 caption만으로 작은 병변을 보존하는지는 별도 검증이 필요하며, 환자당 여러 영상 vote는 contribution을 묶어 회계해야 한다. 외부 caption API를 사용하면 private 원자료에 접근하는 신뢰 경계도 달라진다. 검토: pp.3–5, 7 발췌, 미재현. [NeurIPS 2025 원문](https://proceedings.neurips.cc/paper_files/paper/2025/hash/38380a17248c4dfc4f48fc4d836d9b62-Abstract-Conference.html)
",https://proceedings.neurips.cc/paper_files/paper/2025/hash/38380a17248c4dfc4f48fc4d836d9b62-Abstract-Conference.html,https://proceedings.neurips.cc/paper_files/paper/2025/file/38380a17248c4dfc4f48fc4d836d9b62-Paper-Conference.pdf,pdfs/B16.pdf,False,False,True,reviews/B16.md,c2e2118a82f523e2bc66f16df531746f8f6dedbdda27e050ab9b46ca26b71d6c,not_acquired,,not_reproduced,False,False
B17,RPGen: Robust and Differentially Private Synthetic Image Generation,RPGen,AAAI 2026,training,생성 학습 비교 후보,partial,공식 본문 일부만 확인,개별 메모의 페이지별 확인 범위 참조,https://ojs.aaai.org/index.php/AAAI/article/view/38016,https://ojs.aaai.org/index.php/AAAI/article/download/38016/41978,,False,False,True,reviews/B17.md,8a7d358ee4b352690c66338fb79b5d1fd44c435bff92c681e3378e34c628b431,not_acquired,,not_reproduced,False,False
B18,How to DP-fy Your Data: A Practical Guide to Generating Synthetic Data With Differential Privacy,How to DP-fy Your Data,JAIR 2026 / arXiv 공개본,background,벤치마크·종설,selected,PDF 선택 절 검토,"종설의 ‘현재 SOTA’ 표기는 개별 원문 및 더 최신 논문으로 갱신해야 한다. 본 작업은 실제 DP-LoRA, RAPID, DP-FETA, FETA-Pro, RPGen 원문을 별도 대조했다. 검토: pp.41, 43, 48, 50 선택 절 발췌; 102쪽 전체 검토로 표시하지 않으며 독립 실험 baseline도 아니다. [원문](https://arxiv.org/abs/2512.03238)
",https://arxiv.org/abs/2512.03238,https://arxiv.org/pdf/2512.03238,pdfs/B18.pdf,False,False,False,reviews/B18.md,222706aeb41019bc94e194f3a36fe5393b7e943f06c76da1800e3efe6709dcd8,not_acquired,,not_reproduced,False,False
C01,Personalized Federated Training of Diffusion Models with Privacy Guarantees,PFDM,CVPR 2026,federated,연합·개인화 확장,selected,PDF 선택 절 검토,"메인 CVPR 논문이지만 현재 환자 MIA의 필수 공격군은 아니다. 공개 coarse/private fine refinement 또는 federated 방향을 주장하면 직접 대비한다. 검토: pp.3–7 방법·보장 설명·실험 발췌, 증명 전체·재현 미완료. [CVPR 원문](https://openaccess.thecvf.com/content/CVPR2026/html/Patel_Personalized_Federated_Training_of_Diffusion_Models_with_Privacy_Guarantees_CVPR_2026_paper.html)
",https://openaccess.thecvf.com/content/CVPR2026/html/Patel_Personalized_Federated_Training_of_Diffusion_Models_with_Privacy_Guarantees_CVPR_2026_paper.html,https://openaccess.thecvf.com/content/CVPR2026/papers/Patel_Personalized_Federated_Training_of_Diffusion_Models_with_Privacy_Guarantees_CVPR_2026_paper.pdf,pdfs/C01.pdf,True,False,True,reviews/C01.md,91e6777491db9cea182752030ea69770025ccd2c230d1fb018495cf3c5f15130,not_acquired,,not_reproduced,False,False
C02,Personalized Federated Training of Latent Diffusion Models with Privacy Guarantees,PF-LDM,ICML 2026 FoGen workshop 관련 공개 예비 원고,federated,연합·개인화 확장,abstract,저자 초록만 확인,"CVPR PFDM과 저자·문제 설정이 겹치지만 동일 원고라고 단정할 수 없다. latent-space personalized DP라는 확장 주장에 대한 미해결 근접 선행으로 유지한다. 현재 중앙집중 환자 membership audit에서는 직접 생성 SOTA로 강제하지 않는다. 검토 수준: **저자 초록 확인만**, 전체 분석 미완료.
",https://openreview.net/pdf?id=SBHfiFsWRV,https://openreview.net/pdf?id=SBHfiFsWRV,,False,False,False,reviews/C02.md,502c52bccf4d913ac9f8ef98b0849f46e3668e31863dc038426e594d570e59dc,not_acquired,,not_reproduced,False,False
C03,SPIRE: Conditional Personalization for Federated Diffusion Generative Models,SPIRE,AISTATS 2026 / arXiv 공개본,federated,연합·개인화 확장,selected,PDF 선택 절 검토,"제시된 Algorithm 1은 FedAvg와 identity embedding이며 formal DP noise mechanism이 아니다. client를 환자로 바꾸고 identity embedding을 넣는 것만으로 새 기여나 privacy가 생기지 않는다. 현재 audit의 직접 SOTA가 아니라 personalization 피벗의 근접 선행이다. 검토: pp.3–5, 11 발췌, 미재현. [공식 발표](https://virtual.aistats.org/virtual/2026/poster/13457)
",https://virtual.aistats.org/virtual/2026/poster/13457,https://arxiv.org/pdf/2506.12303,pdfs/C03.pdf,False,False,True,reviews/C03.md,099467d9da193126c4765688be9f481d49b619ffbd17a1b67c5c5859eee3604c,not_acquired,,not_reproduced,False,False
C04,FedDP-PALD: A Privacy-Preserving Federated Latent Diffusion Framework with Prototype Aggregation for Medical Data Synthesis,FedDP-PALD,arXiv 2026-07,federated,연합·개인화 확장,selected,PDF 선택 절 검토,"현재 CXR generator SOTA로 강제하지 않는다. Prototype DP·멀티모달 환자 생성으로 방향을 바꿀 때 보장 범위 차이를 명시할 선행이다. 검토: pp.3–5, 17, 19–20, 27, 35 발췌; 미재현. [원문](https://arxiv.org/abs/2607.16300)
",https://arxiv.org/abs/2607.16300,https://arxiv.org/pdf/2607.16300,pdfs/C04.pdf,False,False,False,reviews/C04.md,35c6054936368a0ae90bed7ced79f4ba115c22ae0010df43d5bcdbf1d3334250,not_acquired,,not_reproduced,False,False
D01,Adaptive Non-Uniform Timestep Sampling for Accelerating Diffusion Model Training,Adaptive non-uniform timestep sampling,CVPR 2025,alternative,과거 생성·효율 방향,selected,PDF 선택 절 검토,"과거 timestep/variance 축의 직접 알고리즘 선행이다. Private loss queue나 sampler를 학습한다면 그 데이터 의존성의 DP 비용을 포함해야 한다. 현재 환자 공격 기여의 필수 실행군은 아니며, 학습 가속으로 피벗할 때 필요하다. 검토: pp.4–6 방법·표 발췌; 미재현. [CVPR 원문](https://openaccess.thecvf.com/content/CVPR2025/html/Kim_Adaptive_Non-Uniform_Timestep_Sampling_for_Accelerating_Diffusion_Model_Training_CVPR_2025_paper.html)
",https://openaccess.thecvf.com/content/CVPR2025/html/Kim_Adaptive_Non-Uniform_Timestep_Sampling_for_Accelerating_Diffusion_Model_Training_CVPR_2025_paper.html,https://openaccess.thecvf.com/content/CVPR2025/papers/Kim_Adaptive_Non-Uniform_Timestep_Sampling_for_Accelerating_Diffusion_Model_Training_CVPR_2025_paper.pdf,pdfs/D01.pdf,False,False,True,reviews/D01.md,3b54b2dc4df3980ebf730ee80221a6eb4b5141a72bbd4d0c92fdef67de587cdc,not_acquired,,not_reproduced,False,False
D02,Variational Diffusion Models,VDM,NeurIPS 2021,alternative,과거 생성·효율 방향,selected,PDF 선택 절 검토,"기존 variance/timestep 탐색의 이론 선행이며 환자 membership 최신 SOTA는 아니다. 기존 로컬 pilot의 전제가 실패했다면 이 논문이 유명하다는 이유로 그 방향을 재개하지 않는다. 검토: pp.4, 6–8 발췌; 전체 증명·부록 검산 미완료. [저자 원문](https://research.google/pubs/variational-diffusion-models/)
",https://research.google/pubs/variational-diffusion-models/,https://arxiv.org/pdf/2107.00630,pdfs/D02.pdf,False,False,True,reviews/D02.md,41642d45ed95c58556bf722860c985492ff95572e7ba2760ae5006ddf92f75a1,not_acquired,,not_reproduced,False,False
D03,Blue noise for diffusion models,Blue noise,arXiv 2024 공개본,alternative,과거 생성·효율 방향,selected,PDF 선택 절 검토,"여기서 diffusion 입력 noise와 DP gradient noise는 다르다. Correlated Gaussian을 DP mechanism에 쓰려면 sensitivity와 covariance에 맞는 보장이 필요하다. 현 audit 직접 비교군에서 제외하고 noise 구조 피벗의 선행으로 보관한다. 검토: pp.3–6 발췌; 미재현. [원문](https://arxiv.org/abs/2402.04930)
",https://arxiv.org/abs/2402.04930,https://arxiv.org/pdf/2402.04930,pdfs/D03.pdf,False,False,False,reviews/D03.md,90ca56343daadf4c260ed2b6f1d6932f264957c2e3d9a1a270767206c8daa822,not_acquired,,not_reproduced,False,False
D04,Antithetic Noise in Diffusion Models,Antithetic Noise,arXiv 2025 공개본,alternative,과거 생성·효율 방향,selected,PDF 선택 절 검토,"이는 모든 비선형 공격 통계에서 분산이 반드시 낮아진다는 증명이 아니다. 우리 membership score에서 같은 효과가 있는지 별도 대조하고, 독립·paired noise의 실제 NFE를 맞춰야 한다. ±noise/QMC 자체는 이미 선행이 있어 단독 기여가 어렵다. 기존 variance 방향의 선행이며 현재 필수 학습군은 아니다. 검토: 위 페이지의 방법·상관 결과 발췌; 전체 추정 이론·재현 미완료. [원문](https://arxiv.org/abs/2506.06185)
",https://arxiv.org/abs/2506.06185,https://arxiv.org/pdf/2506.06185,pdfs/D04.pdf,False,False,False,reviews/D04.md,a51cbfb97919a0c2ffbd116a2f54a85fca7d4653c9af709d2f1cdf8d82f4baa2,not_acquired,,not_reproduced,False,False
D05,CleanDIFT: Diffusion Features without Noise,CleanDIFT,arXiv 2024 공개본,alternative,과거 생성·효율 방향,selected,PDF 선택 절 검토,"semantic correspondence·depth·segmentation 성능은 identity 또는 membership 성능을 보장하지 않는다. 새 feature를 의료 privacy 검출기로 쓰려면 실제 patient negative와 encoder training overlap을 검증해야 한다. 과거 feature/variance 탐색의 선행이며 환자 MIA의 직접 SOTA라고 부르지 않는다. 검토: pp.3–5의 방법·실험 설정 발췌; 전체 결과표·재현 미완료. [원문](https://arxiv.org/abs/2412.03439)
",https://arxiv.org/abs/2412.03439,https://arxiv.org/pdf/2412.03439,pdfs/D05.pdf,False,False,False,reviews/D05.md,72dfdc1a24e2d194b9df37af9b29da547f6dbd7f95e77e23c3b49a56d613112e,not_acquired,,not_reproduced,False,False
D06,Scalable High-Resolution Pixel-Space Image Synthesis with Hourglass Diffusion Transformers,HDiT,ICML 2024,alternative,과거 생성·효율 방향,selected,PDF 선택 절 검토,"고해상도 일반 생성 아키텍처 선행이며 DP mechanism이나 patient audit가 아니다. SD LoRA에서 데이터 보호 단위를 비교하는 현재 실험에 backbone 전체 교체를 강제할 이유가 없다. 고해상도 연산 효율을 기여로 바꾸면 직접 설계 대조가 필요하다. 검토: 방법·평가 설정 두 페이지 발췌; 전체 결과·재현 미완료. [ICML 원문](https://proceedings.mlr.press/v235/crowson24a.html)
",https://proceedings.mlr.press/v235/crowson24a.html,https://raw.githubusercontent.com/mlresearch/v235/main/assets/crowson24a/crowson24a.pdf,pdfs/D06.pdf,False,False,True,reviews/D06.md,909bad52036c919c209b5973afc589bac14d193230bc659fbcd93509aab00cb6,not_acquired,,not_reproduced,False,False
D07,Many-to-many Image Generation with Auto-regressive Diffusion Models,M2M diffusion,arXiv 2024 공개본,alternative,과거 생성·효율 방향,selected,PDF 선택 절 검토,"여러 이미지를 묶는 attention·set conditioning 자체의 선행이다. 환자 set generator/adapter로 피벗하면 필요하며, 현재 patient membership 공격의 필수 실행군은 아니다. 검토: pp.3, 5, 7 발췌; 전체 결과 수치 검산·재현 미완료. [원문](https://arxiv.org/abs/2404.03109)
",https://arxiv.org/abs/2404.03109,https://arxiv.org/pdf/2404.03109,pdfs/D07.pdf,False,False,False,reviews/D07.md,3abe993c02271de7052a8e038046b00b75093c021983a3a3bbd42f2d7919105a,not_acquired,,not_reproduced,False,False
D08,Towards Predicting Temporal Changes in a Patient’s Chest X-ray Images based on Electronic Health Records,EHRXDiff,MIDL 2025,alternative,과거 생성·효율 방향,selected,PDF 선택 절 검토,"종단 환자 생성은 이미 연구된 문제다. EHR 시간 정보가 없는 NIH 반복 영상 set을 이 연구와 동일한 forecasting 자료로 가정하면 안 된다. 현 privacy audit의 직접 SOTA는 아니며 longitudinal 피벗 시 비교한다. 검토: pp.3, 5, 7 방법·평가 설계 발췌; 전체 결과·재현 미완료. [MIDL 원문](https://proceedings.mlr.press/v287/kyung25a.html)
",https://proceedings.mlr.press/v287/kyung25a.html,https://raw.githubusercontent.com/mlresearch/v287/main/assets/kyung25a/kyung25a.pdf,pdfs/D08.pdf,False,False,False,reviews/D08.md,91cfa54dd110235e750cac6955a50ab3c1e2bb3005145509e2aa87c87e1eb52b,not_acquired,,not_reproduced,False,False
D09,Addressing Asynchronicity in Clinical Multimodal Fusion via Individualized Chest X-ray Generation,DDL-CXR,NeurIPS 2024,alternative,과거 생성·효율 방향,selected,PDF 선택 절 검토,"임상 utility를 강조하는 생성 연구의 선행이나 privacy mechanism은 아니다. 기존 longitudinal 후보 기록에는 유지하며 현 patient-DP audit의 직접 비교군에서 제외한다. 검토: pp.4, 6–7 발췌; 미재현. [NeurIPS 원문](https://papers.neurips.cc/paper_files/paper/2024/file/3310034c97fab48fdbcba18f90fd5364-Paper-Conference.pdf)
",https://papers.neurips.cc/paper_files/paper/2024/file/3310034c97fab48fdbcba18f90fd5364-Paper-Conference.pdf,https://papers.neurips.cc/paper_files/paper/2024/file/3310034c97fab48fdbcba18f90fd5364-Paper-Conference.pdf,pdfs/D09.pdf,False,False,True,reviews/D09.md,e632a7dbcc228119cb032210a636335056a3fe1760906bba208f8307bb1179f2,not_acquired,,not_reproduced,False,False
D10,Conditional Latent Diffusion Models for Irregularly Spaced Longitudinal Radiological Data,Longitudinal conditional LDM,MICCAI 2025,alternative,과거 생성·효율 방향,selected,PDF 선택 절 검토,"불균등한 기록 수와 불규칙 시간 간격을 다루는 생성만으로 신규성을 얻기 어렵다. 기록 수 기반 privacy audit와는 목적·출력·정답이 달라 현 직접 SOTA로 강제하지 않는다. 검토: pp.3, 5–6의 방법·평가 발췌; 전체 결과·재현 미완료. [MICCAI 원문](https://papers.miccai.org/miccai-2025/0164-Paper2656.html)
",https://papers.miccai.org/miccai-2025/0164-Paper2656.html,https://papers.miccai.org/miccai-2025/paper/2656_paper.pdf,pdfs/D10.pdf,False,False,True,reviews/D10.md,3e3ca3f5430b9ae8bbbc35a98c0166d6e8c6493931be42ce0e2e2e2b5fa6fbac,not_acquired,,not_reproduced,False,False
D11,LoCI-DiffCom: Longitudinal Consistency-Informed Diffusion Model for 3D Infant Brain Image Completion,LoCI-DiffCom,MICCAI 2024,alternative,과거 생성·효율 방향,selected,PDF 선택 절 검토,"환자 반복 영상 consistency 기여의 선행이며 patient DP 보장은 아니다. 현재 공격 실험에는 불필요하고 MRI completion 피벗 때 대비한다. 검토: pp.3, 5–6 방법·실험 설계 발췌; 전체 결과·재현 미완료. [MICCAI 원문](https://papers.miccai.org/miccai-2024/paper/1964_paper.pdf)
",https://papers.miccai.org/miccai-2024/paper/1964_paper.pdf,https://papers.miccai.org/miccai-2024/paper/1964_paper.pdf,pdfs/D11.pdf,False,False,True,reviews/D11.md,473f326ffff61c393ccf24a80463a9690b577c067e0d2debc2aaf9d595c83c72,not_acquired,,not_reproduced,False,False
D12,Enhancing Spatiotemporal Disease Progression Models via Latent Diffusion and Prior Knowledge,BrLP,MICCAI 2024,alternative,과거 생성·효율 방향,selected,PDF 선택 절 검토,"종단 일관성·병리 보존과 identity를 함께 다루는 피벗의 선행이다. 현재 patient membership 최신 공격군에는 포함하지 않는다. 검토: pp.3, 5–6 발췌; 전체 결과·재현 미완료. [MICCAI 원문](https://papers.miccai.org/miccai-2024/paper/0511_paper.pdf)
",https://papers.miccai.org/miccai-2024/paper/0511_paper.pdf,https://papers.miccai.org/miccai-2024/paper/0511_paper.pdf,pdfs/D12.pdf,False,False,True,reviews/D12.md,4191eb08802dd1a9a38fc0b392ec1aa12080a048280352a2204bb29514a7a36f,not_acquired,,not_reproduced,False,False
D13,SPAD: Spatially Aware Multi-View Diffusers,SPAD,CVPR 2024,alternative,과거 생성·효율 방향,selected,PDF 선택 절 검토,"검토: pp.4, 6의 방법·실험 질문 발췌; 결과표 전체·재현 미완료. [CVPR 원문](https://openaccess.thecvf.com/content/CVPR2024/html/Kant_SPAD_Spatially_Aware_Multi-View_Diffusers_CVPR_2024_paper.html)
",https://openaccess.thecvf.com/content/CVPR2024/html/Kant_SPAD_Spatially_Aware_Multi-View_Diffusers_CVPR_2024_paper.html,https://openaccess.thecvf.com/content/CVPR2024/papers/Kant_SPAD_Spatially_Aware_Multi-View_Diffusers_CVPR_2024_paper.pdf,pdfs/D13.pdf,False,False,True,reviews/D13.md,d45f72b2758d654faedd355842f3aa9a60fc67f6e450c70d0b410f13d7da60c9,not_acquired,,not_reproduced,False,False
D14,EpiDiff: Enhancing Multi-View Synthesis via Localized Epipolar-Constrained Diffusion,EpiDiff,CVPR 2024,alternative,과거 생성·효율 방향,selected,PDF 선택 절 검토,"작은 adapter로 view consistency를 얻는 것 자체의 선행이다. 동일 환자 영상에 적용하려면 projection geometry와 질환 변화의 차이를 해결해야 한다. 현 audit 실행군에서는 제외한다. 검토: pp.4, 6 방법·표 발췌; 미재현. [CVPR 원문](https://openaccess.thecvf.com/content/CVPR2024/html/Huang_EpiDiff_Enhancing_Multi-View_Synthesis_via_Localized_Epipolar-Constrained_Diffusion_CVPR_2024_paper.html)
",https://openaccess.thecvf.com/content/CVPR2024/html/Huang_EpiDiff_Enhancing_Multi-View_Synthesis_via_Localized_Epipolar-Constrained_Diffusion_CVPR_2024_paper.html,https://openaccess.thecvf.com/content/CVPR2024/papers/Huang_EpiDiff_Enhancing_Multi-View_Synthesis_via_Localized_Epipolar-Constrained_Diffusion_CVPR_2024_paper.pdf,pdfs/D14.pdf,False,False,True,reviews/D14.md,c9cd658e11e7a6839d499346a6b216888e7e8e58dc33de0f48a66cade206565a,not_acquired,,not_reproduced,False,False
D15,Correspondence-Attention Alignment for Multi-View Diffusion Models,Correspondence-Attention Alignment,CVPR 2026,alternative,과거 생성·효율 방향,selected,PDF 선택 절 검토,"일반 feature alignment와 correspondence alignment의 비교가 있으며, 깊은 layer 선택·외부 대응 품질이 핵심 조건이다. ‘attention을 정렬해 반복 영상 일관성을 높인다’는 주장에 근접하지만 patient privacy 공격과는 다르다. 과거 multi-view 방향을 다시 택할 때만 직접 구현 대상으로 삼는다. 검토: pp.4–6의 방법 동기·실험 설정 발췌; 결과표 전체·재현 미완료. [CVPR 원문](https://openaccess.thecvf.com/content/CVPR2026/html/Kwon_Correspondence-Attention_Alignment_for_Multi-View_Diffusion_Models_CVPR_2026_paper.html)
",https://openaccess.thecvf.com/content/CVPR2026/html/Kwon_Correspondence-Attention_Alignment_for_Multi-View_Diffusion_Models_CVPR_2026_paper.html,https://openaccess.thecvf.com/content/CVPR2026/papers/Kwon_Correspondence-Attention_Alignment_for_Multi-View_Diffusion_Models_CVPR_2026_paper.pdf,pdfs/D15.pdf,False,False,True,reviews/D15.md,5800f47336e1517581cfe16a8a7d678e11016241687c5c3d020909c8333b8f41,not_acquired,,not_reproduced,False,False
D16,Align Images Before You Generate,Align Images Before You Generate,CVPR 2026,alternative,과거 생성·효율 방향,selected,PDF 선택 절 검토,"correspondence 기반 set adapter는 이미 최신 CVPR 선행이다. 우리 환자 DP에 적용했다는 조합만으로 기여를 주장하지 않고, 영상 간 상관을 이용한 새로운 attack mechanism과 분리한다. 현 직접 attack SOTA에는 제외한다. 검토: pp.4, 6 방법·표 발췌; 미재현. [CVPR 원문](https://openaccess.thecvf.com/content/CVPR2026/html/Zhang_Align_Images_Before_You_Generate_CVPR_2026_paper.html)
",https://openaccess.thecvf.com/content/CVPR2026/html/Zhang_Align_Images_Before_You_Generate_CVPR_2026_paper.html,https://openaccess.thecvf.com/content/CVPR2026/papers/Zhang_Align_Images_Before_You_Generate_CVPR_2026_paper.pdf,pdfs/D16.pdf,False,False,True,reviews/D16.md,a4716ebdf4c89eb1ddf3cbcc7afb554380a6473b5e9749d5f9afbef5be8595e4,not_acquired,,not_reproduced,False,False
E01,Confidential-DPproof: Confidential Proof of Differentially Private Training,Confidential-DPproof,ICLR 2024,thesis,졸논 증빙·워터마크,selected,PDF 선택 절 검토,"실험 로그와 hash를 남기는 것만으로 이 cryptographic proof를 대체할 수 없다. 현재 연구의 membership audit와 달리 올바른 알고리즘 실행을 증명하는 계열이다. 졸논 증빙 확장용 선행으로 보관하며 CVPR 환자 공격군에서는 제외한다. 검토: pp.5–6, 8 발췌; 보안 증명 전체·재현 미완료. [ICLR 원문](https://proceedings.iclr.cc/paper_files/paper/2024/hash/113ae3a9762ca2168f860a8501d6ae25-Abstract-Conference.html)
",https://proceedings.iclr.cc/paper_files/paper/2024/hash/113ae3a9762ca2168f860a8501d6ae25-Abstract-Conference.html,https://proceedings.iclr.cc/paper_files/paper/2024/file/113ae3a9762ca2168f860a8501d6ae25-Paper-Conference.pdf,pdfs/E01.pdf,False,False,True,reviews/E01.md,00ad8a0e47e43b41d09c06593ff05700ce2804732ba758d44ba4ee5d042d837e,not_acquired,,not_reproduced,False,False
E02,VeriDP: Verifiable Differentially Private Training,VeriDP,PoPETs 2026,thesis,졸논 증빙·워터마크,selected,PDF 선택 절 검토,"이 논문의 보안·수치 근사·비상호작용 seed 조건 전체를 검증한 것은 아니다. 현재 환자 privacy empirical audit의 SOTA가 아니며, 검증 가능한 학습으로 피벗할 때 직접 대비한다. 검토: pp.6–7, 12 방법·표 발췌; 미재현. [PoPETs 원문](https://petsymposium.org/popets/2026/popets-2026-0070.php)
",https://petsymposium.org/popets/2026/popets-2026-0070.php,https://petsymposium.org/popets/2026/popets-2026-0070.pdf,pdfs/E02.pdf,False,False,False,reviews/E02.md,50ea8913ddb2fb1d633e974bf244c457963c6ec4abaaad4abae1b7055a660503,not_acquired,,not_reproduced,False,False
E03,Pathology-Aware Adaptive Watermarking for Text-Driven Medical Image Synthesis,MedSign,MICCAI 2025,thesis,졸논 증빙·워터마크,selected,PDF 선택 절 검토,"병리 보존 watermark 기여와는 직접 충돌하지만 membership inference나 환자 DP 보장은 아니다. 현재 CVPR patient audit와 분리해 졸논 선행 기록에 연결한다. 검토: pp.5, 7–8 방법·표 발췌; 미재현. [MICCAI 원문](https://papers.miccai.org/miccai-2025/0673-Paper0428.html)
",https://papers.miccai.org/miccai-2025/0673-Paper0428.html,https://papers.miccai.org/miccai-2025/paper/0428_paper.pdf,pdfs/E03.pdf,False,False,True,reviews/E03.md,cf2489a21e1161f040eb741b567fcb2b501516d91d0f0eaa46e8b44650b4a5e8,not_acquired,,not_reproduced,False,False
X01,CDI: Copyrighted Data Identification in Diffusion Models,CDI,CVPR 2025,attack,공격 비교 후보,selected,PDF 선택 절 검토,"검토: 본문 핵심 pp.2–8, 부록 pp.12–13·15·17·19. 공개 코드 확보, 실행 미완료. [공식 PDF](https://openaccess.thecvf.com/content/CVPR2025/papers/Dubinski_CDI_Copyrighted_Data_Identification_in_Diffusion_Models_CVPR_2025_paper.pdf)
",https://openaccess.thecvf.com/content/CVPR2025/html/Dubinski_CDI_Copyrighted_Data_Identification_in_Diffusion_Models_CVPR_2025_paper.html,https://openaccess.thecvf.com/content/CVPR2025/papers/Dubinski_CDI_Copyrighted_Data_Identification_in_Diffusion_Models_CVPR_2025_paper.pdf,pdfs/X01.pdf,False,True,True,reviews/X01.md,0de82b8d6844922d6cf63b7b2e9b3c597d5a88a1645e4b349c7ba874f5cbf8b1,source_downloaded_not_executed,dcd62258b0b3fde05d52aaecfade3b5f4c09507a,not_reproduced,False,False
X02,Tracing the Roots: Leveraging Temporal Dynamics in Diffusion Trajectories for Origin Attribution,Tracing the Roots,NeurIPS 2025,attack,공격 비교 후보,selected,PDF 선택 절 검토,"검토: NeurIPS 2025 PDF 본문 pp.1–9, 부록 p.12 및 공식 train/eval/utils 코드. 공개 CIFAR-10 특징 packet의 공격 분류 단계 재현 완료.",https://proceedings.neurips.cc/paper_files/paper/2025/hash/901b713c3d1ecfce0d4556752eed4e02-Abstract-Conference.html,https://proceedings.neurips.cc/paper_files/paper/2025/file/901b713c3d1ecfce0d4556752eed4e02-Paper-Conference.pdf,pdfs/X02.pdf,False,True,True,reviews/X02.md,15fb613b211e538016db05d4dac966d6f84e5bda59ec11978b17204b96fe37b0,official_supplement_text_extracted_not_executed,,public_packet_only,False,False
X03,White-box Membership Inference Attacks against Diffusion Models,GSA,PoPETs 2025,attack,공격 비교 후보,selected,PDF 선택 절 검토,"검토: 본문 pp.4–8, Algorithms 1–2, Tables 2–4. 공식 저장소 소스 확보; 실행 없음.",https://www.petsymposium.org/popets/2025/popets-2025-0068.pdf,https://www.petsymposium.org/popets/2025/popets-2025-0068.pdf,pdfs/X03.pdf,False,True,False,reviews/X03.md,524cdddf65247975581a0cfa975a96f0625bd79849e02f72ca0870311d3e385e,source_downloaded_not_executed,494ce8c1a304afbb97abae59b42c65b6c5d932c2,not_reproduced,False,False
X04,Black-box Membership Inference Attacks on the Pre-training Data of Image-generation Models,SD-MIA,CVPR 2026,attack,공격 비교 후보,selected,PDF 선택 절 검토,"검토: CVPR 2026 본문 pp.2, 4–7, p.8 일부. 공식 코드 링크 확인; 실행 없음.",https://openaccess.thecvf.com/content/CVPR2026/html/Qi_Black-box_Membership_Inference_Attacks_on_the_Pre-training_Data_of_Image-generation_CVPR_2026_paper.html,https://openaccess.thecvf.com/content/CVPR2026/papers/Qi_Black-box_Membership_Inference_Attacks_on_the_Pre-training_Data_of_Image-generation_CVPR_2026_paper.pdf,pdfs/X04.pdf,False,True,True,reviews/X04.md,dbba8ed2fb03798ab4c84a7d70c2cde6e0c5116c339d95d84cfe7ba1f4649dd5,not_acquired,,not_reproduced,False,False
X05,Black-box Membership Inference Attacks against Fine-tuned Diffusion Models,Black-box fine-tuned diffusion MIA,NDSS 2025,attack,공격 비교 후보,selected,PDF 선택 절 검토,"검토: NDSS 2025 PDF pp.4, 7, 9, 12. 학회는 NDSS이며 CVPR로 기록하지 않는다.",https://www.ndss-symposium.org/wp-content/uploads/2025-324-paper.pdf,https://www.ndss-symposium.org/wp-content/uploads/2025-324-paper.pdf,pdfs/X05.pdf,False,True,True,reviews/X05.md,2e570af093f6355e9afa1595c4b9e0eb1f5f239e051f1987f04ddbb4559b9daf,not_acquired,,not_reproduced,False,False
X06,DPImageBench: A Unified Benchmark for Differentially Private Image Synthesis,DPImageBench,CCS 2025,background,벤치마크·종설,selected,PDF 선택 절 검토,"검토: CCS 2025 공개본 pp.4–7의 선택 부분, p.12 결과. 공식 저장소 commit과 텍스트 코드 확보; 실행 없음.",https://arxiv.org/abs/2503.14681,https://arxiv.org/pdf/2503.14681,pdfs/X06.pdf,False,True,True,reviews/X06.md,7f66dbe793df79755ab11b2e4acfb541b0f0bd886e6ad0b4ceda3d0f7f1eb064,source_downloaded_not_executed,6dbc4e6bd835a609c7d7de191dca2469d7e5bc9c,not_reproduced,False,False
X07,Towards More Realistic Membership Inference Attacks on Large Diffusion Models,Realistic diffusion MIA,WACV 2024,background,벤치마크·종설,selected,PDF 선택 절 검토,"검토: WACV 2024 PDF pp.3–6의 선택 부분, p.8 Table 2 및 논의.",https://openaccess.thecvf.com/content/WACV2024/html/Dubinski_Towards_More_Realistic_Membership_Inference_Attacks_on_Large_Diffusion_Models_WACV_2024_paper.html,https://openaccess.thecvf.com/content/WACV2024/papers/Dubinski_Towards_More_Realistic_Membership_Inference_Attacks_on_Large_Diffusion_Models_WACV_2024_paper.pdf,pdfs/X07.pdf,False,True,True,reviews/X07.md,64ed911cf571d8d4b3ccad0ea5ed5ffffd66844e2bd46b4ce46f46d0b50e42cb,not_acquired,,not_reproduced,False,False
X08,From Easy to Hard: Building a Shortcut for Differentially Private Image Synthesis,DP-FETA,IEEE S&P 2025,training,생성 학습 비교 후보,selected,PDF 선택 절 검토,"표본 간 variance가 크면 평균/mode가 유용한 구조를 잃는 한계를 명시한다. 환자 평균 prototype으로 DP 학습을 개선하겠다는 방향은 이 논문 및 후속 FETA-Pro와 직접 충돌한다. 환자 adaptation에는 central query와 gradient 양쪽의 contribution bound를 바꿔야 한다. 검토: pp.4–6, 8, 13 발췌; 공식 코드 링크 확인, 실행 미완료. [원문](https://arxiv.org/abs/2504.01395), [저자 코드](https://github.com/SunnierLee/DP-FETA)
",https://arxiv.org/pdf/2504.01395,https://arxiv.org/pdf/2504.01395,pdfs/X08.pdf,False,True,False,reviews/X08.md,7c2f2e3b117ae66e500d5e04a270ce7b823e948d253060ba5a7604663b55eeff,source_downloaded_not_executed,f95d3a7772ff76a1ff841b85977d1e2d44f470e1,not_reproduced,False,False
X09,From Easy to Hard++: Promoting Differentially Private Image Synthesis Through Spatial-Frequency Curriculum,FETA-Pro,USENIX Security 2026,training,생성 학습 비교 후보,selected,PDF 선택 절 검토,"공개자료 없는 학습 또는 private prototype/frequency curriculum을 주장하면 직접 비교가 필요하다. label별 parallel composition은 sample이 한 class에 속할 때의 논리이므로, 다중 질환·여러 영상의 같은 환자에 그대로 적용하지 않는다. 검토: pp.5–8, 13 방법·결과 발췌; 증명 전체·공식 코드 실행 미완료. [공식 PDF](https://www.usenix.org/sites/default/files/conference-files/sec26cycle1-final514.pdf), [저자 코드](https://github.com/2019ChenGong/Feta-Pro)
",https://www.usenix.org/sites/default/files/conference-files/sec26cycle1-final514.pdf,https://www.usenix.org/sites/default/files/conference-files/sec26cycle1-final514.pdf,pdfs/X09.pdf,False,True,True,reviews/X09.md,569107d6e93d8bc415ac818b09d03ac15d2d92965fe038cfe0cf2fde6f4d16fc,source_downloaded_not_executed,574dd0feaae07147a51e825b6665ed49e181a8eb,not_reproduced,False,False
X10,Learning Differentially Private Diffusion Models via Stochastic Adversarial Distillation,DP-SAD,ECCV 2024,training,생성 학습 비교 후보,selected,PDF 선택 절 검토,"**검토자의 미해결 쟁점:** 식 (15)는 timestep 평균을 한 번의 gradient로 바꾸면서 noise 분모 B×T를 유지한다. 단순 평균의 sensitivity가 T배 감소한다고 자동 결론낼 수 없다. p.9의 theorem은 차원별 gradient normalization과 별도 noise variance를 사용하므로 실제 구현의 noise와 그 theorem을 연결해서 확인해야 한다. 여기서는 논문 전체가 틀렸다고 단정하지 않으며, 동일 ε의 인증된 baseline으로 채택하기 전 점검 항목으로 남긴다. / 역할: timestep으로 DP noise 영향을 줄이는 기여와 충돌하는 메인 학회 선행; 조건부 학습 비교군. 검토: pp.6–9, 12의 방법·privacy 식·표; 전체 증명 검산·코드 실행 미완료. [ECCV 원문](https://www.ecva.net/papers/eccv_2024/papers_ECCV/papers/01066.pdf)
",https://www.ecva.net/papers/eccv_2024/papers_ECCV/papers/01066.pdf,https://www.ecva.net/papers/eccv_2024/papers_ECCV/papers/01066.pdf,pdfs/X10.pdf,False,True,True,reviews/X10.md,0e553b8c55812438bdf637c406e039449885f135e3ed17c1d594f9fb6ec9df9b,not_acquired,,not_reproduced,False,False
X11,A Probabilistic Fluctuation based Membership Inference Attack for Diffusion Models,PFAMI,공개 preprint · 게재 venue 미확인,attack,공격 비교 후보,selected,PDF 선택 절 검토,"검토: pp.4, 6–9, 11 발췌; 저자 코드 링크 확인, 실행 미완료. PDF의 LaTeX journal template 날짜는 실제 게재 학회 근거가 아니다. venue 미확인 상태를 유지한다. [원문](https://arxiv.org/abs/2308.12143), [저자 코드](https://github.com/wjfu99/MIA-Gen)
",https://arxiv.org/pdf/2308.12143,https://arxiv.org/pdf/2308.12143,pdfs/X11.pdf,False,True,False,reviews/X11.md,01969d9e5c2cc350ed602bd038d938f58d36e46f909e7ac031ffd7670817134e,source_downloaded_not_executed,f80df339e11ff49db211a455c0a455d630cf34a7,not_reproduced,False,False
X12,"No Caption, No Problem: Caption-Free Membership Inference via Model-Fitted Embeddings",MoFit,ICLR 2026,attack,공격 비교 후보,selected,PDF 선택 절 검토,"판정: caption-free 또는 conditioning sensitivity만으로 기여를 주장할 수 없다. gradient 접근군의 필수 최신 비교 후보이며, 제한 연산량에서 PFAMI·CLiD·MoFit early stopping과 함께 검증한다. 검토: pp.3–8, 10, 15, 20 본문·부록 방법과 표; 전체 25쪽 정독·공식 코드 실행은 미완료. [공개 원문](https://arxiv.org/abs/2602.22689) / 2026-09-10 실제 설계 보완 검토: Appendix A.10, PDF p.23의 의료 설정과 Table 12도 대조했다. ROCO에 미세조정한 SD1.4 Prompt2MedImage에서 training/validation split을 member/hold-out으로 사용하고, caption 생성에는 ROCO에 맞춘 BLIP을 쓴다. MoFit AUC 54.44%, TPR@1%FPR 2%; PFAMI 50.22%, 1%; GT-CLiD 60.30%, 0%다. 의료영역 적용 자체는 이미 선행이며, 이 표는 환자 분할·같은 환자의 미사용 촬영 감사 성능을 보인 것이 아니다. 이 추가 쪽은 당시 앞선 선택 절 검토에 소급 포함하지 않는다. [Appendix A.10·Table 12](../pdfs/X12.pdf#page=23)
",https://arxiv.org/pdf/2602.22689,https://arxiv.org/pdf/2602.22689,pdfs/X12.pdf,False,True,True,reviews/X12.md,203938184a23b0ca2b041cf75af250072a92256a5a9db59060c028b8227a7f50,source_downloaded_not_executed,91e4b5edc153bac84b0b4209f70d1b2b94e653b2,not_reproduced,False,False
