family,metric,setting,scenario,pool,patient_id,eval_role,assignment_group,treatment,control,delta
generic_t140,negative_MSE_FP32,mean_8,U,mean,14393,fit,A,-0.2605914957821369,-0.26075023226439953,0.0001587364822626114
generic_t140,negative_MSE_FP32,mean_8,U,mean,172,selection,B,-0.3106047064065933,-0.31077468022704124,0.00016997382044792175
generic_t140,negative_MSE_FP32,mean_8,U,mean,359,selection,B,-0.2603570278733969,-0.26070968993008137,0.000352662056684494
generic_t140,negative_MSE_FP32,mean_8,U,mean,1052,selection,B,-0.31070668809115887,-0.31077039055526257,6.370246410369873e-05
generic_t140,negative_MSE_FP32,mean_8,U,mean,1906,selection,A,-0.28594571724534035,-0.2863282524049282,0.0003825351595878601
generic_t140,negative_MSE_FP32,mean_8,U,mean,2032,selection,B,-0.2882882747799158,-0.2883411478251219,5.2873045206069946e-05
generic_t140,negative_MSE_FP32,mean_8,U,mean,2247,selection,B,-0.26738191675394773,-0.26755622401833534,0.00017430726438760757
generic_t140,negative_MSE_FP32,mean_8,U,mean,2359,selection,A,-0.32096671871840954,-0.32055419869720936,-0.00041252002120018005
generic_t140,negative_MSE_FP32,mean_8,U,mean,3308,selection,B,-0.2344041522592306,-0.23433266952633858,-7.148273289203644e-05
generic_t140,negative_MSE_FP32,mean_8,U,mean,3832,selection,A,-0.2963747177273035,-0.2964276820421219,5.296431481838226e-05
generic_t140,negative_MSE_FP32,mean_8,U,mean,4092,selection,A,-0.290375042706728,-0.29019439965486526,-0.00018064305186271667
generic_t140,negative_MSE_FP32,mean_8,U,mean,4992,selection,B,-0.298031996935606,-0.2984910812228918,0.00045908428728580475
generic_t140,negative_MSE_FP32,mean_8,U,mean,5376,selection,B,-0.24718529731035233,-0.24738101195544004,0.00019571464508771896
generic_t140,negative_MSE_FP32,mean_8,U,mean,5722,selection,A,-0.2886084318161011,-0.2894225940108299,0.0008141621947288513
generic_t140,negative_MSE_FP32,mean_8,U,mean,6881,selection,A,-0.2839403450489044,-0.2844750080257654,0.0005346629768610001
generic_t140,negative_MSE_FP32,mean_8,U,mean,6985,selection,B,-0.282775541767478,-0.2836160007864237,0.000840459018945694
generic_t140,negative_MSE_FP32,mean_8,U,mean,7932,selection,B,-0.2913498468697071,-0.29201433062553406,0.0006644837558269501
generic_t140,negative_MSE_FP32,mean_8,U,mean,8168,selection,A,-0.3254580534994602,-0.32589961029589176,0.00044155679643154144
generic_t140,negative_MSE_FP32,mean_8,U,mean,11436,selection,B,-0.3425964619964361,-0.34222509153187275,-0.00037137046456336975
generic_t140,negative_MSE_FP32,mean_8,U,mean,12018,selection,A,-0.28851729817688465,-0.2887048218399286,0.00018752366304397583
generic_t140,negative_MSE_FP32,mean_8,U,mean,12050,selection,A,-0.26976170018315315,-0.27031117118895054,0.0005494710057973862
generic_t140,negative_MSE_FP32,mean_8,U,mean,12097,selection,A,-0.273705679923296,-0.27457341365516186,0.0008677337318658829
generic_t140,negative_MSE_FP32,mean_8,U,mean,13567,selection,A,-0.29534444585442543,-0.29561082273721695,0.00026637688279151917
generic_t140,negative_MSE_FP32,mean_8,U,mean,14307,selection,A,-0.26234800834208727,-0.2626056345179677,0.00025762617588043213
generic_t140,negative_MSE_FP32,mean_8,U,mean,14362,selection,A,-0.266546375118196,-0.2671361267566681,0.0005897516384720802
generic_t140,negative_MSE_FP32,mean_8,U,mean,15492,selection,B,-0.26560261007398367,-0.2661330634728074,0.0005304533988237381
generic_t140,negative_MSE_FP32,mean_8,U,mean,15594,selection,A,-0.28395523875951767,-0.28480714187026024,0.000851903110742569
generic_t140,negative_MSE_FP32,mean_8,U,mean,16550,selection,B,-0.3191217463463545,-0.3190070018172264,-0.00011474452912807465
generic_t140,negative_MSE_FP32,mean_8,U,mean,16919,selection,B,-0.2648780634626746,-0.2654602313414216,0.0005821678787469864
generic_t140,negative_MSE_FP32,mean_8,U,mean,17927,selection,B,-0.27868811041116714,-0.2791499625891447,0.00046185217797756195
generic_t140,negative_MSE_FP32,mean_8,U,mean,18224,selection,A,-0.31133510544896126,-0.3116364497691393,0.0003013443201780319
generic_t140,negative_MSE_FP32,mean_8,U,mean,18614,selection,A,-0.2706618271768093,-0.27017520274966955,-0.00048662442713975906
generic_t140,negative_MSE_FP32,mean_8,U,mean,20106,selection,B,-0.2910565808415413,-0.29145398177206516,0.0003974009305238724
generic_t140,negative_MSE_FP32,mean_8,U,mean,21572,selection,A,-0.24847568664699793,-0.24876292888075113,0.00028724223375320435
generic_t140,negative_MSE_FP32,mean_8,U,mean,21970,selection,B,-0.28057321533560753,-0.28145325742661953,0.000880042091012001
generic_t140,negative_MSE_FP32,mean_8,U,mean,22835,selection,B,-0.2878789119422436,-0.28812164068222046,0.00024272873997688293
generic_t140,negative_MSE_FP32,mean_8,U,mean,25150,selection,A,-0.2980713974684477,-0.2985775042325258,0.0005061067640781403
generic_t140,negative_MSE_FP32,mean_8,U,mean,25514,selection,B,-0.27990602143108845,-0.28082747012376785,0.0009214486926794052
generic_t140,negative_MSE_FP32,mean_8,U,mean,25680,selection,B,-0.26630829833447933,-0.26684070751070976,0.0005324091762304306
generic_t140,negative_MSE_FP32,mean_8,U,mean,28655,selection,A,-0.28244425542652607,-0.28310307301580906,0.0006588175892829895
generic_t140,negative_MSE_FP32,mean_8,U,mean,29437,selection,A,-0.2763519883155823,-0.27667314000427723,0.0003211516886949539
generic_t140,negative_MSE_FP32,mean_8,E,mean,14393,fit,A,-0.2674379851669073,-0.2679673172533512,0.0005293320864439011
generic_t140,negative_MSE_FP32,mean_8,E,mean,172,selection,B,-0.33718543872237206,-0.33748212456703186,0.0002966858446598053
generic_t140,negative_MSE_FP32,mean_8,E,mean,359,selection,B,-0.2879632618278265,-0.2877465020865202,-0.00021675974130630493
generic_t140,negative_MSE_FP32,mean_8,E,mean,1052,selection,B,-0.2999714855104685,-0.30036377906799316,0.0003922935575246811
generic_t140,negative_MSE_FP32,mean_8,E,mean,1906,selection,A,-0.2862412575632334,-0.2866428568959236,0.00040159933269023895
generic_t140,negative_MSE_FP32,mean_8,E,mean,2032,selection,B,-0.30207325518131256,-0.3021882548928261,0.00011499971151351929
generic_t140,negative_MSE_FP32,mean_8,E,mean,2247,selection,B,-0.2634344305843115,-0.26410142332315445,0.0006669927388429642
generic_t140,negative_MSE_FP32,mean_8,E,mean,2359,selection,A,-0.3376087937504053,-0.33741625770926476,-0.00019253604114055634
generic_t140,negative_MSE_FP32,mean_8,E,mean,3308,selection,B,-0.24056073371320963,-0.24048008676618338,-8.064694702625275e-05
generic_t140,negative_MSE_FP32,mean_8,E,mean,3832,selection,A,-0.2828318290412426,-0.2826898694038391,-0.00014195963740348816
generic_t140,negative_MSE_FP32,mean_8,E,mean,4092,selection,A,-0.2970032561570406,-0.29684835858643055,-0.0001548975706100464
generic_t140,negative_MSE_FP32,mean_8,E,mean,4992,selection,B,-0.29471771977841854,-0.295013215392828,0.0002954956144094467
generic_t140,negative_MSE_FP32,mean_8,E,mean,5376,selection,B,-0.27326497063040733,-0.2730809170752764,-0.00018405355513095856
generic_t140,negative_MSE_FP32,mean_8,E,mean,5722,selection,A,-0.2911514323204756,-0.2919134646654129,0.0007620323449373245
generic_t140,negative_MSE_FP32,mean_8,E,mean,6881,selection,A,-0.2650532592087984,-0.2655028998851776,0.0004496406763792038
generic_t140,negative_MSE_FP32,mean_8,E,mean,6985,selection,B,-0.2792654801160097,-0.28006481379270554,0.0007993336766958237
generic_t140,negative_MSE_FP32,mean_8,E,mean,7932,selection,B,-0.2954350635409355,-0.2955174595117569,8.239597082138062e-05
generic_t140,negative_MSE_FP32,mean_8,E,mean,8168,selection,A,-0.3344792351126671,-0.3344287481158972,-5.048699676990509e-05
generic_t140,negative_MSE_FP32,mean_8,E,mean,11436,selection,B,-0.329223208129406,-0.3295318968594074,0.0003086887300014496
generic_t140,negative_MSE_FP32,mean_8,E,mean,12018,selection,A,-0.3061777148395777,-0.30650115199387074,0.0003234371542930603
generic_t140,negative_MSE_FP32,mean_8,E,mean,12050,selection,A,-0.2799145560711622,-0.2807439099997282,0.000829353928565979
generic_t140,negative_MSE_FP32,mean_8,E,mean,12097,selection,A,-0.2692909613251686,-0.2695646733045578,0.0002737119793891907
generic_t140,negative_MSE_FP32,mean_8,E,mean,13567,selection,A,-0.3066296298056841,-0.30694195814430714,0.0003123283386230469
generic_t140,negative_MSE_FP32,mean_8,E,mean,14307,selection,A,-0.25201749708503485,-0.25205342564731836,3.592856228351593e-05
generic_t140,negative_MSE_FP32,mean_8,E,mean,14362,selection,A,-0.2594203120097518,-0.2599140703678131,0.0004937583580613136
generic_t140,negative_MSE_FP32,mean_8,E,mean,15492,selection,B,-0.26145727187395096,-0.2616322226822376,0.00017495080828666687
generic_t140,negative_MSE_FP32,mean_8,E,mean,15594,selection,A,-0.30086178705096245,-0.301672974601388,0.0008111875504255295
generic_t140,negative_MSE_FP32,mean_8,E,mean,16550,selection,B,-0.2613660339266062,-0.26131450571119785,-5.1528215408325195e-05
generic_t140,negative_MSE_FP32,mean_8,E,mean,16919,selection,B,-0.2664962764829397,-0.26703985407948494,0.0005435775965452194
generic_t140,negative_MSE_FP32,mean_8,E,mean,17927,selection,B,-0.30015313625335693,-0.3003850132226944,0.00023187696933746338
generic_t140,negative_MSE_FP32,mean_8,E,mean,18224,selection,A,-0.30367255210876465,-0.30422014743089676,0.0005475953221321106
generic_t140,negative_MSE_FP32,mean_8,E,mean,18614,selection,A,-0.2618068065494299,-0.26160544343292713,-0.00020136311650276184
generic_t140,negative_MSE_FP32,mean_8,E,mean,20106,selection,B,-0.2893335558474064,-0.28969612903892994,0.00036257319152355194
generic_t140,negative_MSE_FP32,mean_8,E,mean,21572,selection,A,-0.2740956675261259,-0.27398640662431717,-0.00010926090180873871
generic_t140,negative_MSE_FP32,mean_8,E,mean,21970,selection,B,-0.26100172009319067,-0.2614969965070486,0.0004952764138579369
generic_t140,negative_MSE_FP32,mean_8,E,mean,22835,selection,B,-0.28147416934370995,-0.2819968108087778,0.0005226414650678635
generic_t140,negative_MSE_FP32,mean_8,E,mean,25150,selection,A,-0.28836202807724476,-0.2887400630861521,0.0003780350089073181
generic_t140,negative_MSE_FP32,mean_8,E,mean,25514,selection,B,-0.28866385109722614,-0.2894637119024992,0.000799860805273056
generic_t140,negative_MSE_FP32,mean_8,E,mean,25680,selection,B,-0.258169730193913,-0.2586061740294099,0.00043644383549690247
generic_t140,negative_MSE_FP32,mean_8,E,mean,28655,selection,A,-0.28330342285335064,-0.28391200490295887,0.0006085820496082306
generic_t140,negative_MSE_FP32,mean_8,E,mean,29437,selection,A,-0.2851430308073759,-0.28539629466831684,0.00025326386094093323
cdi_dl_t100,negative_L2_FP32,mean_5,U,mean,14393,fit,A,-35.73865509033203,-35.75487518310547,0.0162200927734375
cdi_dl_t100,negative_L2_FP32,mean_5,U,mean,172,selection,B,-38.9097183227539,-38.90652694702149,-0.0031913757324133485
cdi_dl_t100,negative_L2_FP32,mean_5,U,mean,359,selection,B,-35.88424491882324,-35.894066619873044,0.009821701049801845
cdi_dl_t100,negative_L2_FP32,mean_5,U,mean,1052,selection,B,-38.8384895324707,-38.865276718139654,0.026787185668950997
cdi_dl_t100,negative_L2_FP32,mean_5,U,mean,1906,selection,A,-37.44169540405274,-37.47101936340332,0.029323959350584516
cdi_dl_t100,negative_L2_FP32,mean_5,U,mean,2032,selection,B,-38.205909729003906,-38.22848548889161,0.022575759887700997
cdi_dl_t100,negative_L2_FP32,mean_5,U,mean,2247,selection,B,-36.259701538085935,-36.27072181701661,0.011020278930672589
cdi_dl_t100,negative_L2_FP32,mean_5,U,mean,2359,selection,A,-39.46133613586426,-39.45758590698242,-0.0037502288818345164
cdi_dl_t100,negative_L2_FP32,mean_5,U,mean,3308,selection,B,-33.99760093688965,-34.004968261718744,0.007367324829097299
cdi_dl_t100,negative_L2_FP32,mean_5,U,mean,3832,selection,A,-37.98507461547852,-37.9831485748291,-0.0019260406494154836
cdi_dl_t100,negative_L2_FP32,mean_5,U,mean,4092,selection,A,-37.28642349243164,-37.27789268493652,-0.00853080749512003
cdi_dl_t100,negative_L2_FP32,mean_5,U,mean,4992,selection,B,-37.74286422729492,-37.785438537597656,0.042574310302732954
cdi_dl_t100,negative_L2_FP32,mean_5,U,mean,5376,selection,B,-34.9911979675293,-35.00528144836426,0.014083480834955253
cdi_dl_t100,negative_L2_FP32,mean_5,U,mean,5722,selection,A,-37.53029022216796,-37.5573112487793,0.02702102661133665
cdi_dl_t100,negative_L2_FP32,mean_5,U,mean,6881,selection,A,-37.18895263671875,-37.21365509033203,0.02470245361327983
cdi_dl_t100,negative_L2_FP32,mean_5,U,mean,6985,selection,B,-36.747108459472656,-36.80673675537109,0.05962829589843466
cdi_dl_t100,negative_L2_FP32,mean_5,U,mean,7932,selection,B,-37.60815620422363,-37.644541549682614,0.03638534545898153
cdi_dl_t100,negative_L2_FP32,mean_5,U,mean,8168,selection,A,-39.65428581237793,-39.66176338195801,0.007477569580082388
cdi_dl_t100,negative_L2_FP32,mean_5,U,mean,11436,selection,B,-40.55558853149414,-40.53855171203613,-0.01703681945800639
cdi_dl_t100,negative_L2_FP32,mean_5,U,mean,12018,selection,A,-37.22175407409668,-37.25188407897949,0.030130004882806816
cdi_dl_t100,negative_L2_FP32,mean_5,U,mean,12050,selection,A,-36.73898506164551,-36.78163719177246,0.042652130126953125
cdi_dl_t100,negative_L2_FP32,mean_5,U,mean,12097,selection,A,-36.0744930267334,-36.09079093933106,0.01629791259765767
cdi_dl_t100,negative_L2_FP32,mean_5,U,mean,13567,selection,A,-38.08180313110351,-38.10060424804688,0.01880111694336506
cdi_dl_t100,negative_L2_FP32,mean_5,U,mean,14307,selection,A,-36.05833969116211,-36.06329917907715,0.004959487915037641
cdi_dl_t100,negative_L2_FP32,mean_5,U,mean,14362,selection,A,-36.25270500183105,-36.28636322021484,0.0336582183837848
cdi_dl_t100,negative_L2_FP32,mean_5,U,mean,15492,selection,B,-35.91624031066894,-35.92880783081054,0.012567520141601562
cdi_dl_t100,negative_L2_FP32,mean_5,U,mean,15594,selection,A,-37.344921875,-37.38479919433594,0.039877319335943184
cdi_dl_t100,negative_L2_FP32,mean_5,U,mean,16550,selection,B,-39.28914833068848,-39.28115234375,-0.007995986938475141
cdi_dl_t100,negative_L2_FP32,mean_5,U,mean,16919,selection,B,-35.84788513183594,-35.89362411499023,0.04573898315429403
cdi_dl_t100,negative_L2_FP32,mean_5,U,mean,17927,selection,B,-36.92873878479004,-36.95004158020019,0.021302795410150566
cdi_dl_t100,negative_L2_FP32,mean_5,U,mean,18224,selection,A,-38.993293380737306,-39.005276107788085,0.011982727050778408
cdi_dl_t100,negative_L2_FP32,mean_5,U,mean,18614,selection,A,-35.99316596984863,-35.94455184936524,-0.04861412048339275
cdi_dl_t100,negative_L2_FP32,mean_5,U,mean,20106,selection,B,-38.01135368347168,-38.05709228515625,0.04573860168456889
cdi_dl_t100,negative_L2_FP32,mean_5,U,mean,21572,selection,A,-34.88665504455567,-34.88849411010742,0.0018390655517563914
cdi_dl_t100,negative_L2_FP32,mean_5,U,mean,21970,selection,B,-37.108270263671876,-37.15073127746582,0.042461013793946734
cdi_dl_t100,negative_L2_FP32,mean_5,U,mean,22835,selection,B,-37.92930603027344,-37.958100128173825,0.028794097900387783
cdi_dl_t100,negative_L2_FP32,mean_5,U,mean,25150,selection,A,-37.623842620849615,-37.68059883117676,0.056756210327144174
cdi_dl_t100,negative_L2_FP32,mean_5,U,mean,25514,selection,B,-37.34916954040527,-37.40909080505371,0.0599212646484375
cdi_dl_t100,negative_L2_FP32,mean_5,U,mean,25680,selection,B,-36.3602783203125,-36.38278923034668,0.022510910034178266
cdi_dl_t100,negative_L2_FP32,mean_5,U,mean,28655,selection,A,-37.13515853881836,-37.16557312011719,0.030414581298828125
cdi_dl_t100,negative_L2_FP32,mean_5,U,mean,29437,selection,A,-36.74008140563965,-36.753336334228514,0.013254928588864345
cdi_dl_t100,negative_L2_FP32,mean_5,E,mean,14393,fit,A,-36.381277084350586,-36.41712493896485,0.035847854614260655
cdi_dl_t100,negative_L2_FP32,mean_5,E,mean,172,selection,B,-40.14551048278808,-40.16034164428711,0.014831161499024859
cdi_dl_t100,negative_L2_FP32,mean_5,E,mean,359,selection,B,-37.48622512817383,-37.48057060241699,-0.00565452575683878
cdi_dl_t100,negative_L2_FP32,mean_5,E,mean,1052,selection,B,-38.047546768188475,-38.06479682922364,0.017250061035163355
cdi_dl_t100,negative_L2_FP32,mean_5,E,mean,1906,selection,A,-37.14016609191894,-37.16564865112305,0.025482559204107247
cdi_dl_t100,negative_L2_FP32,mean_5,E,mean,2032,selection,B,-37.900258255004886,-37.925950622558595,0.025692367553709516
cdi_dl_t100,negative_L2_FP32,mean_5,E,mean,2247,selection,B,-36.25040245056152,-36.29729423522949,0.046891784667963066
cdi_dl_t100,negative_L2_FP32,mean_5,E,mean,2359,selection,A,-40.842391586303705,-40.835432815551755,-0.006958770751950283
cdi_dl_t100,negative_L2_FP32,mean_5,E,mean,3308,selection,B,-33.99903831481934,-33.98356742858887,-0.015470886230467329
cdi_dl_t100,negative_L2_FP32,mean_5,E,mean,3832,selection,A,-37.1140811920166,-37.1258529663086,0.011771774292000714
cdi_dl_t100,negative_L2_FP32,mean_5,E,mean,4092,selection,A,-38.15575981140137,-38.15904541015625,0.0032855987548856547
cdi_dl_t100,negative_L2_FP32,mean_5,E,mean,4992,selection,B,-37.93067626953125,-37.94797477722168,0.01729850769043395
cdi_dl_t100,negative_L2_FP32,mean_5,E,mean,5376,selection,B,-36.63352508544922,-36.6543571472168,0.020832061767578125
cdi_dl_t100,negative_L2_FP32,mean_5,E,mean,5722,selection,A,-37.316301345825195,-37.339886093139654,0.02358474731445881
cdi_dl_t100,negative_L2_FP32,mean_5,E,mean,6881,selection,A,-35.997330856323245,-36.02375106811523,0.026420211791986503
cdi_dl_t100,negative_L2_FP32,mean_5,E,mean,6985,selection,B,-36.94533729553223,-36.99658393859863,0.05124664306640625
cdi_dl_t100,negative_L2_FP32,mean_5,E,mean,7932,selection,B,-37.79961738586425,-37.802734756469725,0.0031173706054730133
cdi_dl_t100,negative_L2_FP32,mean_5,E,mean,8168,selection,A,-39.9702507019043,-39.953737640380865,-0.016513061523433237
cdi_dl_t100,negative_L2_FP32,mean_5,E,mean,11436,selection,B,-39.99411811828613,-40.01396980285645,0.019851684570319605
cdi_dl_t100,negative_L2_FP32,mean_5,E,mean,12018,selection,A,-38.72744293212891,-38.73294563293457,0.0055027008056640625
cdi_dl_t100,negative_L2_FP32,mean_5,E,mean,12050,selection,A,-36.7893569946289,-36.80064506530762,0.011288070678716622
cdi_dl_t100,negative_L2_FP32,mean_5,E,mean,12097,selection,A,-36.28971977233887,-36.308264541625974,0.01854476928710369
cdi_dl_t100,negative_L2_FP32,mean_5,E,mean,13567,selection,A,-38.89344329833985,-38.89599380493164,0.002550506591795454
cdi_dl_t100,negative_L2_FP32,mean_5,E,mean,14307,selection,A,-35.1284164428711,-35.161563110351565,0.03314666748046591
cdi_dl_t100,negative_L2_FP32,mean_5,E,mean,14362,selection,A,-35.65123252868652,-35.69277000427246,0.04153747558594034
cdi_dl_t100,negative_L2_FP32,mean_5,E,mean,15492,selection,B,-35.57772560119629,-35.60074234008789,0.02301673889159872
cdi_dl_t100,negative_L2_FP32,mean_5,E,mean,15594,selection,A,-38.17635040283203,-38.220211029052734,0.04386062622070597
cdi_dl_t100,negative_L2_FP32,mean_5,E,mean,16550,selection,B,-35.75141067504883,-35.75632591247559,0.0049152374267578125
cdi_dl_t100,negative_L2_FP32,mean_5,E,mean,16919,selection,B,-35.928896331787115,-35.94958076477051,0.020684432983394174
cdi_dl_t100,negative_L2_FP32,mean_5,E,mean,17927,selection,B,-37.9182846069336,-37.949975585937494,0.031690979003897723
cdi_dl_t100,negative_L2_FP32,mean_5,E,mean,18224,selection,A,-38.33728866577148,-38.38572883605957,0.04844017028808878
cdi_dl_t100,negative_L2_FP32,mean_5,E,mean,18614,selection,A,-35.17677841186523,-35.16140022277832,-0.0153781890869098
cdi_dl_t100,negative_L2_FP32,mean_5,E,mean,20106,selection,B,-37.81500587463379,-37.84110374450684,0.026097869873048296
cdi_dl_t100,negative_L2_FP32,mean_5,E,mean,21572,selection,A,-36.62580604553223,-36.63143310546875,0.005627059936522016
cdi_dl_t100,negative_L2_FP32,mean_5,E,mean,21970,selection,B,-35.46221313476562,-35.47567787170411,0.013464736938487931
cdi_dl_t100,negative_L2_FP32,mean_5,E,mean,22835,selection,B,-37.27089576721191,-37.293615722656256,0.022719955444344464
cdi_dl_t100,negative_L2_FP32,mean_5,E,mean,25150,selection,A,-37.6589973449707,-37.67152099609375,0.012523651123046875
cdi_dl_t100,negative_L2_FP32,mean_5,E,mean,25514,selection,B,-37.82958908081055,-37.8881217956543,0.05853271484375
cdi_dl_t100,negative_L2_FP32,mean_5,E,mean,25680,selection,B,-35.764549255371094,-35.78929748535157,0.024748229980474434
cdi_dl_t100,negative_L2_FP32,mean_5,E,mean,28655,selection,A,-37.92696723937988,-37.95911407470703,0.03214683532715412
cdi_dl_t100,negative_L2_FP32,mean_5,E,mean,29437,selection,A,-37.10156326293945,-37.10268669128418,0.0011234283447265625
