contrast_type,model,contrast_id,role,a_method,a_fit_scenario,a_evaluation_scenario,b_method,b_fit_scenario,b_evaluation_scenario,selection_delta_AUC,paired_CI95_low,paired_CI95_high
within_cell_contrasts,model_1,primary_patient_structure_vs_image_pool,primary,patient_meanmax52_tuned,E,E,cdi_image_mean_tuned,E,E,-0.09499999999999997,-0.19499999999999995,-0.010000000000000009
within_cell_contrasts,model_1,primary_cdi_vs_secmi,primary,cdi_image_mean_tuned,E,E,secmi_mean,E,E,0.09000000000000008,-0.15000000000000002,0.3175624999999997
within_cell_contrasts,model_1,secondary_fixed_patient_structure_vs_image_pool,secondary,patient_meanmax52_fixed,E,E,cdi_image_mean_fixed,E,E,-0.09249999999999997,-0.25499999999999995,0.07749999999999996
within_cell_contrasts,model_1,secondary_fixed_cdi_vs_secmi,secondary,cdi_image_mean_fixed,E,E,secmi_mean,E,E,0.04749999999999999,-0.20756250000000007,0.28006249999999966
within_cell_contrasts,model_1,diagnostic_noobjective_fixed,source_quirk_diagnostic,patient_meanmax54_noobjective_fixed,E,E,patient_meanmax52_fixed,E,E,0.08500000000000002,0.0050000000000000044,0.1750624999999997
within_cell_contrasts,model_1,diagnostic_noobjective_tuned,source_quirk_diagnostic,patient_meanmax54_noobjective_tuned,E,E,patient_meanmax52_tuned,E,E,-0.01000000000000012,-0.09750000000000003,0.0675
within_cell_contrasts,model_2,primary_patient_structure_vs_image_pool,primary,patient_meanmax52_tuned,E,E,cdi_image_mean_tuned,E,E,-0.01750000000000007,-0.09256250000000002,0.05500000000000005
within_cell_contrasts,model_2,primary_cdi_vs_secmi,primary,cdi_image_mean_tuned,E,E,secmi_mean,E,E,0.06000000000000005,-0.22250000000000003,0.3575
within_cell_contrasts,model_2,secondary_fixed_patient_structure_vs_image_pool,secondary,patient_meanmax52_fixed,E,E,cdi_image_mean_fixed,E,E,-0.012499999999999956,-0.16006250000000002,0.13250000000000006
within_cell_contrasts,model_2,secondary_fixed_cdi_vs_secmi,secondary,cdi_image_mean_fixed,E,E,secmi_mean,E,E,0.11499999999999999,-0.16000000000000003,0.40249999999999997
within_cell_contrasts,model_2,diagnostic_noobjective_fixed,source_quirk_diagnostic,patient_meanmax54_noobjective_fixed,E,E,patient_meanmax52_fixed,E,E,0.05750000000000011,-0.020000000000000018,0.14500000000000002
within_cell_contrasts,model_2,diagnostic_noobjective_tuned,source_quirk_diagnostic,patient_meanmax54_noobjective_tuned,E,E,patient_meanmax52_tuned,E,E,-0.012499999999999956,-0.08499999999999996,0.05499999999999994
within_cell_contrasts,model_1,primary_patient_structure_vs_image_pool,primary,patient_meanmax52_tuned,E,U,cdi_image_mean_tuned,E,U,-0.0050000000000000044,-0.07500000000000001,0.06256249999999972
within_cell_contrasts,model_1,primary_cdi_vs_secmi,primary,cdi_image_mean_tuned,E,U,secmi_mean,E,U,-0.007500000000000062,-0.28006250000000005,0.2675
within_cell_contrasts,model_1,secondary_fixed_patient_structure_vs_image_pool,secondary,patient_meanmax52_fixed,E,U,cdi_image_mean_fixed,E,U,-0.11499999999999999,-0.2675,0.035062499999999636
within_cell_contrasts,model_1,secondary_fixed_cdi_vs_secmi,secondary,cdi_image_mean_fixed,E,U,secmi_mean,E,U,0.10249999999999992,-0.14500000000000002,0.34256249999999966
within_cell_contrasts,model_1,diagnostic_noobjective_fixed,source_quirk_diagnostic,patient_meanmax54_noobjective_fixed,E,U,patient_meanmax52_fixed,E,U,-0.05499999999999994,-0.18749999999999997,0.0675
within_cell_contrasts,model_1,diagnostic_noobjective_tuned,source_quirk_diagnostic,patient_meanmax54_noobjective_tuned,E,U,patient_meanmax52_tuned,E,U,-0.04999999999999999,-0.12256250000000005,0.012500000000000011
within_cell_contrasts,model_2,primary_patient_structure_vs_image_pool,primary,patient_meanmax52_tuned,E,U,cdi_image_mean_tuned,E,U,-0.05499999999999999,-0.12,0.012500000000000011
within_cell_contrasts,model_2,primary_cdi_vs_secmi,primary,cdi_image_mean_tuned,E,U,secmi_mean,E,U,-0.13499999999999995,-0.33999999999999997,0.05999999999999997
within_cell_contrasts,model_2,secondary_fixed_patient_structure_vs_image_pool,secondary,patient_meanmax52_fixed,E,U,cdi_image_mean_fixed,E,U,-0.12500000000000006,-0.26749999999999996,0.03249999999999997
within_cell_contrasts,model_2,secondary_fixed_cdi_vs_secmi,secondary,cdi_image_mean_fixed,E,U,secmi_mean,E,U,-0.0749999999999999,-0.3125,0.16256249999999964
within_cell_contrasts,model_2,diagnostic_noobjective_fixed,source_quirk_diagnostic,patient_meanmax54_noobjective_fixed,E,U,patient_meanmax52_fixed,E,U,-0.044999999999999984,-0.16249999999999998,0.04749999999999999
within_cell_contrasts,model_2,diagnostic_noobjective_tuned,source_quirk_diagnostic,patient_meanmax54_noobjective_tuned,E,U,patient_meanmax52_tuned,E,U,0.03249999999999997,-0.012500000000000011,0.08250000000000002
within_cell_contrasts,model_1,primary_patient_structure_vs_image_pool,primary,patient_meanmax52_tuned,U,E,cdi_image_mean_tuned,U,E,0.0024999999999999467,-0.08999999999999997,0.09250000000000003
within_cell_contrasts,model_1,primary_cdi_vs_secmi,primary,cdi_image_mean_tuned,U,E,secmi_mean,U,E,0.03500000000000014,-0.22506250000000003,0.2826249999999994
within_cell_contrasts,model_1,secondary_fixed_patient_structure_vs_image_pool,secondary,patient_meanmax52_fixed,U,E,cdi_image_mean_fixed,U,E,-0.08250000000000002,-0.25,0.08249999999999996
within_cell_contrasts,model_1,secondary_fixed_cdi_vs_secmi,secondary,cdi_image_mean_fixed,U,E,secmi_mean,U,E,0.06500000000000006,-0.21499999999999997,0.3225
within_cell_contrasts,model_1,diagnostic_noobjective_fixed,source_quirk_diagnostic,patient_meanmax54_noobjective_fixed,U,E,patient_meanmax52_fixed,U,E,0.0,-0.03499999999999992,0.030000000000000027
within_cell_contrasts,model_1,diagnostic_noobjective_tuned,source_quirk_diagnostic,patient_meanmax54_noobjective_tuned,U,E,patient_meanmax52_tuned,U,E,0.0024999999999999467,-0.02749999999999997,0.02999999999999997
within_cell_contrasts,model_2,primary_patient_structure_vs_image_pool,primary,patient_meanmax52_tuned,U,E,cdi_image_mean_tuned,U,E,0.00500000000000006,-0.14250000000000002,0.15249999999999997
within_cell_contrasts,model_2,primary_cdi_vs_secmi,primary,cdi_image_mean_tuned,U,E,secmi_mean,U,E,-0.010000000000000009,-0.26506250000000003,0.25999999999999995
within_cell_contrasts,model_2,secondary_fixed_patient_structure_vs_image_pool,secondary,patient_meanmax52_fixed,U,E,cdi_image_mean_fixed,U,E,0.01750000000000007,-0.14,0.185
within_cell_contrasts,model_2,secondary_fixed_cdi_vs_secmi,secondary,cdi_image_mean_fixed,U,E,secmi_mean,U,E,-0.010000000000000009,-0.26506250000000003,0.25999999999999995
within_cell_contrasts,model_2,diagnostic_noobjective_fixed,source_quirk_diagnostic,patient_meanmax54_noobjective_fixed,U,E,patient_meanmax52_fixed,U,E,0.02499999999999991,-0.065,0.11750000000000005
within_cell_contrasts,model_2,diagnostic_noobjective_tuned,source_quirk_diagnostic,patient_meanmax54_noobjective_tuned,U,E,patient_meanmax52_tuned,U,E,-0.010000000000000064,-0.10006250000000003,0.08000000000000007
within_cell_contrasts,model_1,primary_patient_structure_vs_image_pool,primary,patient_meanmax52_tuned,U,U,cdi_image_mean_tuned,U,U,0.08250000000000007,-0.012562500000000006,0.18250000000000005
within_cell_contrasts,model_1,primary_cdi_vs_secmi,primary,cdi_image_mean_tuned,U,U,secmi_mean,U,U,0.004999999999999949,-0.2375,0.245
within_cell_contrasts,model_1,secondary_fixed_patient_structure_vs_image_pool,secondary,patient_meanmax52_fixed,U,U,cdi_image_mean_fixed,U,U,0.18499999999999994,0.029937499999999975,0.35250000000000004
within_cell_contrasts,model_1,secondary_fixed_cdi_vs_secmi,secondary,cdi_image_mean_fixed,U,U,secmi_mean,U,U,0.01749999999999996,-0.2226875,0.25506249999999964
within_cell_contrasts,model_1,diagnostic_noobjective_fixed,source_quirk_diagnostic,patient_meanmax54_noobjective_fixed,U,U,patient_meanmax52_fixed,U,U,-0.01749999999999996,-0.06499999999999995,0.025000000000000022
within_cell_contrasts,model_1,diagnostic_noobjective_tuned,source_quirk_diagnostic,patient_meanmax54_noobjective_tuned,U,U,patient_meanmax52_tuned,U,U,-0.0025000000000000577,-0.034999999999999976,0.030000000000000027
within_cell_contrasts,model_2,primary_patient_structure_vs_image_pool,primary,patient_meanmax52_tuned,U,U,cdi_image_mean_tuned,U,U,0.057499999999999996,-0.07500000000000007,0.1975
within_cell_contrasts,model_2,primary_cdi_vs_secmi,primary,cdi_image_mean_tuned,U,U,secmi_mean,U,U,-0.012499999999999845,-0.2725,0.2250624999999997
within_cell_contrasts,model_2,secondary_fixed_patient_structure_vs_image_pool,secondary,patient_meanmax52_fixed,U,U,cdi_image_mean_fixed,U,U,0.12249999999999983,0.0,0.25749999999999995
within_cell_contrasts,model_2,secondary_fixed_cdi_vs_secmi,secondary,cdi_image_mean_fixed,U,U,secmi_mean,U,U,-0.012499999999999845,-0.2725,0.2250624999999997
within_cell_contrasts,model_2,diagnostic_noobjective_fixed,source_quirk_diagnostic,patient_meanmax54_noobjective_fixed,U,U,patient_meanmax52_fixed,U,U,0.025000000000000133,-0.04749999999999999,0.09499999999999997
within_cell_contrasts,model_2,diagnostic_noobjective_tuned,source_quirk_diagnostic,patient_meanmax54_noobjective_tuned,U,U,patient_meanmax52_tuned,U,U,0.04249999999999998,-0.015000000000000013,0.11250000000000004
cross_cell_contrasts,model_1,E_fitted_score_transfer_to_U,predeclared_cross_cell,cdi_image_mean_fixed,E,U,cdi_image_mean_fixed,E,E,-0.03749999999999998,-0.28256250000000005,0.22749999999999998
cross_cell_contrasts,model_1,U_fit_recovery_on_U,predeclared_cross_cell,cdi_image_mean_fixed,U,U,cdi_image_mean_fixed,E,U,-0.08499999999999996,-0.2925625,0.10999999999999999
cross_cell_contrasts,model_1,E_fit_advantage_on_E,predeclared_cross_cell,cdi_image_mean_fixed,E,E,cdi_image_mean_fixed,U,E,-0.01750000000000007,-0.28756250000000005,0.25250000000000006
cross_cell_contrasts,model_1,E_fitted_score_transfer_to_U,predeclared_cross_cell,cdi_image_mean_tuned,E,U,cdi_image_mean_tuned,E,E,-0.19000000000000006,-0.44749999999999995,0.06250000000000006
cross_cell_contrasts,model_1,U_fit_recovery_on_U,predeclared_cross_cell,cdi_image_mean_tuned,U,U,cdi_image_mean_tuned,E,U,0.012500000000000011,-0.21499999999999997,0.225
cross_cell_contrasts,model_1,E_fit_advantage_on_E,predeclared_cross_cell,cdi_image_mean_tuned,E,E,cdi_image_mean_tuned,U,E,0.05499999999999994,-0.2024999999999999,0.3175
cross_cell_contrasts,model_1,E_fitted_score_transfer_to_U,predeclared_cross_cell,cdi_image_max_fixed,E,U,cdi_image_max_fixed,E,E,0.0025000000000000577,-0.24006249999999998,0.2475624999999997
cross_cell_contrasts,model_1,U_fit_recovery_on_U,predeclared_cross_cell,cdi_image_max_fixed,U,U,cdi_image_max_fixed,E,U,-0.12000000000000005,-0.32762500000000006,0.08499999999999996
cross_cell_contrasts,model_1,E_fit_advantage_on_E,predeclared_cross_cell,cdi_image_max_fixed,E,E,cdi_image_max_fixed,U,E,-0.04249999999999998,-0.305,0.21499999999999997
cross_cell_contrasts,model_1,E_fitted_score_transfer_to_U,predeclared_cross_cell,cdi_image_max_tuned,E,U,cdi_image_max_tuned,E,E,-0.12499999999999994,-0.3875,0.15249999999999997
cross_cell_contrasts,model_1,U_fit_recovery_on_U,predeclared_cross_cell,cdi_image_max_tuned,U,U,cdi_image_max_tuned,E,U,-0.044999999999999984,-0.27249999999999996,0.1675624999999996
cross_cell_contrasts,model_1,E_fit_advantage_on_E,predeclared_cross_cell,cdi_image_max_tuned,E,E,cdi_image_max_tuned,U,E,0.04999999999999993,-0.1925,0.28250000000000003
cross_cell_contrasts,model_1,E_fitted_score_transfer_to_U,predeclared_cross_cell,patient_mean26_fixed,E,U,patient_mean26_fixed,E,E,-0.029999999999999916,-0.3000625,0.2500624999999997
cross_cell_contrasts,model_1,U_fit_recovery_on_U,predeclared_cross_cell,patient_mean26_fixed,U,U,patient_mean26_fixed,E,U,-0.04999999999999999,-0.2925,0.1725
cross_cell_contrasts,model_1,E_fit_advantage_on_E,predeclared_cross_cell,patient_mean26_fixed,E,E,patient_mean26_fixed,U,E,-0.10999999999999999,-0.39256250000000004,0.16506249999999964
cross_cell_contrasts,model_1,E_fitted_score_transfer_to_U,predeclared_cross_cell,patient_mean26_tuned,E,U,patient_mean26_tuned,E,E,-0.18500000000000005,-0.42756250000000007,0.06756249999999966
cross_cell_contrasts,model_1,U_fit_recovery_on_U,predeclared_cross_cell,patient_mean26_tuned,U,U,patient_mean26_tuned,E,U,0.027500000000000024,-0.1825,0.22999999999999998
cross_cell_contrasts,model_1,E_fit_advantage_on_E,predeclared_cross_cell,patient_mean26_tuned,E,E,patient_mean26_tuned,U,E,0.04500000000000004,-0.185,0.27506249999999965
cross_cell_contrasts,model_1,E_fitted_score_transfer_to_U,predeclared_cross_cell,patient_meanmax52_fixed,E,U,patient_meanmax52_fixed,E,E,-0.06,-0.32749999999999996,0.235
cross_cell_contrasts,model_1,U_fit_recovery_on_U,predeclared_cross_cell,patient_meanmax52_fixed,U,U,patient_meanmax52_fixed,E,U,0.21499999999999997,-0.05499999999999994,0.4625
cross_cell_contrasts,model_1,E_fit_advantage_on_E,predeclared_cross_cell,patient_meanmax52_fixed,E,E,patient_meanmax52_fixed,U,E,-0.027500000000000024,-0.3075625,0.26499999999999996
cross_cell_contrasts,model_1,E_fitted_score_transfer_to_U,predeclared_cross_cell,patient_meanmax52_tuned,E,U,patient_meanmax52_tuned,E,E,-0.10000000000000009,-0.3500625,0.15999999999999998
cross_cell_contrasts,model_1,U_fit_recovery_on_U,predeclared_cross_cell,patient_meanmax52_tuned,U,U,patient_meanmax52_tuned,E,U,0.10000000000000009,-0.15256250000000002,0.33
cross_cell_contrasts,model_1,E_fit_advantage_on_E,predeclared_cross_cell,patient_meanmax52_tuned,E,E,patient_meanmax52_tuned,U,E,-0.04249999999999998,-0.3000625,0.22999999999999998
cross_cell_contrasts,model_1,E_fitted_score_transfer_to_U,predeclared_cross_cell,dl_mean,E,U,dl_mean,E,E,0.052499999999999936,-0.09249999999999997,0.20256249999999967
cross_cell_contrasts,model_1,U_fit_recovery_on_U,predeclared_cross_cell,dl_mean,U,U,dl_mean,E,U,0.0,0.0,0.0
cross_cell_contrasts,model_1,E_fit_advantage_on_E,predeclared_cross_cell,dl_mean,E,E,dl_mean,U,E,0.0,0.0,0.0
cross_cell_contrasts,model_1,E_fitted_score_transfer_to_U,predeclared_cross_cell,dl_max,E,U,dl_max,E,E,0.10249999999999998,-0.04749999999999993,0.2525624999999997
cross_cell_contrasts,model_1,U_fit_recovery_on_U,predeclared_cross_cell,dl_max,U,U,dl_max,E,U,0.0,0.0,0.0
cross_cell_contrasts,model_1,E_fit_advantage_on_E,predeclared_cross_cell,dl_max,E,E,dl_max,U,E,0.0,0.0,0.0
cross_cell_contrasts,model_1,E_fitted_score_transfer_to_U,predeclared_cross_cell,secmi_mean,E,U,secmi_mean,E,E,-0.09249999999999992,-0.32999999999999996,0.1325
cross_cell_contrasts,model_1,U_fit_recovery_on_U,predeclared_cross_cell,secmi_mean,U,U,secmi_mean,E,U,0.0,0.0,0.0
cross_cell_contrasts,model_1,E_fit_advantage_on_E,predeclared_cross_cell,secmi_mean,E,E,secmi_mean,U,E,0.0,0.0,0.0
cross_cell_contrasts,model_1,E_fitted_score_transfer_to_U,predeclared_cross_cell,secmi_max,E,U,secmi_max,E,E,-0.030000000000000138,-0.26,0.1750624999999997
cross_cell_contrasts,model_1,U_fit_recovery_on_U,predeclared_cross_cell,secmi_max,U,U,secmi_max,E,U,0.0,0.0,0.0
cross_cell_contrasts,model_1,E_fit_advantage_on_E,predeclared_cross_cell,secmi_max,E,E,secmi_max,U,E,0.0,0.0,0.0
cross_cell_contrasts,model_1,E_fitted_score_transfer_to_U,predeclared_cross_cell,pia_mean,E,U,pia_mean,E,E,0.034999999999999976,-0.13,0.19999999999999996
cross_cell_contrasts,model_1,U_fit_recovery_on_U,predeclared_cross_cell,pia_mean,U,U,pia_mean,E,U,0.0,0.0,0.0
cross_cell_contrasts,model_1,E_fit_advantage_on_E,predeclared_cross_cell,pia_mean,E,E,pia_mean,U,E,0.0,0.0,0.0
cross_cell_contrasts,model_1,E_fitted_score_transfer_to_U,predeclared_cross_cell,pia_max,E,U,pia_max,E,E,0.0,-0.16749999999999998,0.16500000000000004
cross_cell_contrasts,model_1,U_fit_recovery_on_U,predeclared_cross_cell,pia_max,U,U,pia_max,E,U,0.0,0.0,0.0
cross_cell_contrasts,model_1,E_fit_advantage_on_E,predeclared_cross_cell,pia_max,E,E,pia_max,U,E,0.0,0.0,0.0
cross_cell_contrasts,model_1,E_fitted_score_transfer_to_U,predeclared_cross_cell,pian_mean,E,U,pian_mean,E,E,-0.08000000000000007,-0.295,0.125
cross_cell_contrasts,model_1,U_fit_recovery_on_U,predeclared_cross_cell,pian_mean,U,U,pian_mean,E,U,0.0,0.0,0.0
cross_cell_contrasts,model_1,E_fit_advantage_on_E,predeclared_cross_cell,pian_mean,E,E,pian_mean,U,E,0.0,0.0,0.0
cross_cell_contrasts,model_1,E_fitted_score_transfer_to_U,predeclared_cross_cell,pian_max,E,U,pian_max,E,E,-0.11500000000000005,-0.3525,0.09256249999999969
cross_cell_contrasts,model_1,U_fit_recovery_on_U,predeclared_cross_cell,pian_max,U,U,pian_max,E,U,0.0,0.0,0.0
cross_cell_contrasts,model_1,E_fit_advantage_on_E,predeclared_cross_cell,pian_max,E,E,pian_max,U,E,0.0,0.0,0.0
cross_cell_contrasts,model_1,E_fitted_score_transfer_to_U,predeclared_cross_cell,patient_meanmax54_noobjective_fixed,E,U,patient_meanmax54_noobjective_fixed,E,E,-0.19999999999999996,-0.4400625,0.06762499999999932
cross_cell_contrasts,model_1,U_fit_recovery_on_U,predeclared_cross_cell,patient_meanmax54_noobjective_fixed,U,U,patient_meanmax54_noobjective_fixed,E,U,0.25249999999999995,-0.015000000000000013,0.4975624999999997
cross_cell_contrasts,model_1,E_fit_advantage_on_E,predeclared_cross_cell,patient_meanmax54_noobjective_fixed,E,E,patient_meanmax54_noobjective_fixed,U,E,0.057499999999999996,-0.2100625,0.33749999999999997
cross_cell_contrasts,model_1,E_fitted_score_transfer_to_U,predeclared_cross_cell,patient_meanmax54_noobjective_tuned,E,U,patient_meanmax54_noobjective_tuned,E,E,-0.13999999999999996,-0.39,0.125
cross_cell_contrasts,model_1,U_fit_recovery_on_U,predeclared_cross_cell,patient_meanmax54_noobjective_tuned,U,U,patient_meanmax54_noobjective_tuned,E,U,0.14750000000000002,-0.08506250000000001,0.3600624999999996
cross_cell_contrasts,model_1,E_fit_advantage_on_E,predeclared_cross_cell,patient_meanmax54_noobjective_tuned,E,E,patient_meanmax54_noobjective_tuned,U,E,-0.05500000000000005,-0.32,0.21499999999999997
cross_cell_contrasts,model_2,E_fitted_score_transfer_to_U,predeclared_cross_cell,cdi_image_mean_fixed,E,U,cdi_image_mean_fixed,E,E,-0.12999999999999995,-0.3625,0.11006249999999965
cross_cell_contrasts,model_2,U_fit_recovery_on_U,predeclared_cross_cell,cdi_image_mean_fixed,U,U,cdi_image_mean_fixed,E,U,0.06250000000000006,-0.11750000000000005,0.2475624999999997
cross_cell_contrasts,model_2,E_fit_advantage_on_E,predeclared_cross_cell,cdi_image_mean_fixed,E,E,cdi_image_mean_fixed,U,E,0.125,-0.08999999999999997,0.33006249999999965
cross_cell_contrasts,model_2,E_fitted_score_transfer_to_U,predeclared_cross_cell,cdi_image_mean_tuned,E,U,cdi_image_mean_tuned,E,E,-0.13500000000000006,-0.3550625,0.08499999999999996
cross_cell_contrasts,model_2,U_fit_recovery_on_U,predeclared_cross_cell,cdi_image_mean_tuned,U,U,cdi_image_mean_tuned,E,U,0.12250000000000011,-0.08756250000000002,0.33
cross_cell_contrasts,model_2,E_fit_advantage_on_E,predeclared_cross_cell,cdi_image_mean_tuned,E,E,cdi_image_mean_tuned,U,E,0.07000000000000006,-0.14256250000000006,0.2849999999999999
cross_cell_contrasts,model_2,E_fitted_score_transfer_to_U,predeclared_cross_cell,cdi_image_max_fixed,E,U,cdi_image_max_fixed,E,E,-0.17499999999999993,-0.4175625,0.09249999999999992
cross_cell_contrasts,model_2,U_fit_recovery_on_U,predeclared_cross_cell,cdi_image_max_fixed,U,U,cdi_image_max_fixed,E,U,0.08499999999999996,-0.11249999999999999,0.2775
cross_cell_contrasts,model_2,E_fit_advantage_on_E,predeclared_cross_cell,cdi_image_max_fixed,E,E,cdi_image_max_fixed,U,E,0.08250000000000002,-0.15000000000000002,0.29749999999999993
cross_cell_contrasts,model_2,E_fitted_score_transfer_to_U,predeclared_cross_cell,cdi_image_max_tuned,E,U,cdi_image_max_tuned,E,E,-0.2400000000000001,-0.48512500000000003,0.01750000000000007
cross_cell_contrasts,model_2,U_fit_recovery_on_U,predeclared_cross_cell,cdi_image_max_tuned,U,U,cdi_image_max_tuned,E,U,0.08500000000000002,-0.09500000000000003,0.27749999999999997
cross_cell_contrasts,model_2,E_fit_advantage_on_E,predeclared_cross_cell,cdi_image_max_tuned,E,E,cdi_image_max_tuned,U,E,0.13250000000000006,-0.039999999999999925,0.3050624999999997
cross_cell_contrasts,model_2,E_fitted_score_transfer_to_U,predeclared_cross_cell,patient_mean26_fixed,E,U,patient_mean26_fixed,E,E,-0.08499999999999996,-0.3375,0.17506249999999965
cross_cell_contrasts,model_2,U_fit_recovery_on_U,predeclared_cross_cell,patient_mean26_fixed,U,U,patient_mean26_fixed,E,U,0.07250000000000001,-0.1450625,0.28006249999999966
cross_cell_contrasts,model_2,E_fit_advantage_on_E,predeclared_cross_cell,patient_mean26_fixed,E,E,patient_mean26_fixed,U,E,0.0674999999999999,-0.175,0.305
cross_cell_contrasts,model_2,E_fitted_score_transfer_to_U,predeclared_cross_cell,patient_mean26_tuned,E,U,patient_mean26_tuned,E,E,-0.12750000000000006,-0.345,0.08750000000000002
cross_cell_contrasts,model_2,U_fit_recovery_on_U,predeclared_cross_cell,patient_mean26_tuned,U,U,patient_mean26_tuned,E,U,0.07500000000000007,-0.10249999999999998,0.2525
cross_cell_contrasts,model_2,E_fit_advantage_on_E,predeclared_cross_cell,patient_mean26_tuned,E,E,patient_mean26_tuned,U,E,0.09500000000000008,-0.13,0.3125
cross_cell_contrasts,model_2,E_fitted_score_transfer_to_U,predeclared_cross_cell,patient_meanmax52_fixed,E,U,patient_meanmax52_fixed,E,E,-0.24250000000000005,-0.48749999999999993,0.02749999999999997
cross_cell_contrasts,model_2,U_fit_recovery_on_U,predeclared_cross_cell,patient_meanmax52_fixed,U,U,patient_meanmax52_fixed,E,U,0.30999999999999994,0.06237500000000001,0.5475
cross_cell_contrasts,model_2,E_fit_advantage_on_E,predeclared_cross_cell,patient_meanmax52_fixed,E,E,patient_meanmax52_fixed,U,E,0.09499999999999997,-0.13756250000000006,0.33506249999999965
cross_cell_contrasts,model_2,E_fitted_score_transfer_to_U,predeclared_cross_cell,patient_meanmax52_tuned,E,U,patient_meanmax52_tuned,E,E,-0.1725,-0.3800625,0.05499999999999994
cross_cell_contrasts,model_2,U_fit_recovery_on_U,predeclared_cross_cell,patient_meanmax52_tuned,U,U,patient_meanmax52_tuned,E,U,0.2350000000000001,0.009937500000000012,0.45756249999999965
cross_cell_contrasts,model_2,E_fit_advantage_on_E,predeclared_cross_cell,patient_meanmax52_tuned,E,E,patient_meanmax52_tuned,U,E,0.04749999999999993,-0.1875,0.2825
cross_cell_contrasts,model_2,E_fitted_score_transfer_to_U,predeclared_cross_cell,dl_mean,E,U,dl_mean,E,E,-0.05249999999999999,-0.20500000000000002,0.09499999999999997
cross_cell_contrasts,model_2,U_fit_recovery_on_U,predeclared_cross_cell,dl_mean,U,U,dl_mean,E,U,0.0,0.0,0.0
cross_cell_contrasts,model_2,E_fit_advantage_on_E,predeclared_cross_cell,dl_mean,E,E,dl_mean,U,E,0.0,0.0,0.0
cross_cell_contrasts,model_2,E_fitted_score_transfer_to_U,predeclared_cross_cell,dl_max,E,U,dl_max,E,E,-0.10500000000000004,-0.2525,0.04249999999999998
cross_cell_contrasts,model_2,U_fit_recovery_on_U,predeclared_cross_cell,dl_max,U,U,dl_max,E,U,0.0,0.0,0.0
cross_cell_contrasts,model_2,E_fit_advantage_on_E,predeclared_cross_cell,dl_max,E,E,dl_max,U,E,0.0,0.0,0.0
cross_cell_contrasts,model_2,E_fitted_score_transfer_to_U,predeclared_cross_cell,secmi_mean,E,U,secmi_mean,E,E,0.05999999999999994,-0.1350625,0.27756249999999966
cross_cell_contrasts,model_2,U_fit_recovery_on_U,predeclared_cross_cell,secmi_mean,U,U,secmi_mean,E,U,0.0,0.0,0.0
cross_cell_contrasts,model_2,E_fit_advantage_on_E,predeclared_cross_cell,secmi_mean,E,E,secmi_mean,U,E,0.0,0.0,0.0
cross_cell_contrasts,model_2,E_fitted_score_transfer_to_U,predeclared_cross_cell,secmi_max,E,U,secmi_max,E,E,0.07250000000000012,-0.10256250000000003,0.2775
cross_cell_contrasts,model_2,U_fit_recovery_on_U,predeclared_cross_cell,secmi_max,U,U,secmi_max,E,U,0.0,0.0,0.0
cross_cell_contrasts,model_2,E_fit_advantage_on_E,predeclared_cross_cell,secmi_max,E,E,secmi_max,U,E,0.0,0.0,0.0
cross_cell_contrasts,model_2,E_fitted_score_transfer_to_U,predeclared_cross_cell,pia_mean,E,U,pia_mean,E,E,-0.030000000000000027,-0.19500000000000006,0.14
cross_cell_contrasts,model_2,U_fit_recovery_on_U,predeclared_cross_cell,pia_mean,U,U,pia_mean,E,U,0.0,0.0,0.0
cross_cell_contrasts,model_2,E_fit_advantage_on_E,predeclared_cross_cell,pia_mean,E,E,pia_mean,U,E,0.0,0.0,0.0
cross_cell_contrasts,model_2,E_fitted_score_transfer_to_U,predeclared_cross_cell,pia_max,E,U,pia_max,E,E,-0.0025000000000000022,-0.17250000000000004,0.16499999999999998
cross_cell_contrasts,model_2,U_fit_recovery_on_U,predeclared_cross_cell,pia_max,U,U,pia_max,E,U,0.0,0.0,0.0
cross_cell_contrasts,model_2,E_fit_advantage_on_E,predeclared_cross_cell,pia_max,E,E,pia_max,U,E,0.0,0.0,0.0
cross_cell_contrasts,model_2,E_fitted_score_transfer_to_U,predeclared_cross_cell,pian_mean,E,U,pian_mean,E,E,0.07499999999999996,-0.10999999999999999,0.2725
cross_cell_contrasts,model_2,U_fit_recovery_on_U,predeclared_cross_cell,pian_mean,U,U,pian_mean,E,U,0.0,0.0,0.0
cross_cell_contrasts,model_2,E_fit_advantage_on_E,predeclared_cross_cell,pian_mean,E,E,pian_mean,U,E,0.0,0.0,0.0
cross_cell_contrasts,model_2,E_fitted_score_transfer_to_U,predeclared_cross_cell,pian_max,E,U,pian_max,E,E,0.13250000000000006,-0.08756250000000002,0.3675624999999996
cross_cell_contrasts,model_2,U_fit_recovery_on_U,predeclared_cross_cell,pian_max,U,U,pian_max,E,U,0.0,0.0,0.0
cross_cell_contrasts,model_2,E_fit_advantage_on_E,predeclared_cross_cell,pian_max,E,E,pian_max,U,E,0.0,0.0,0.0
cross_cell_contrasts,model_2,E_fitted_score_transfer_to_U,predeclared_cross_cell,patient_meanmax54_noobjective_fixed,E,U,patient_meanmax54_noobjective_fixed,E,E,-0.34500000000000014,-0.5874999999999999,-0.09250000000000003
cross_cell_contrasts,model_2,U_fit_recovery_on_U,predeclared_cross_cell,patient_meanmax54_noobjective_fixed,U,U,patient_meanmax54_noobjective_fixed,E,U,0.38000000000000006,0.12743749999999995,0.6174999999999999
cross_cell_contrasts,model_2,E_fit_advantage_on_E,predeclared_cross_cell,patient_meanmax54_noobjective_fixed,E,E,patient_meanmax54_noobjective_fixed,U,E,0.12750000000000017,-0.10756250000000003,0.37
cross_cell_contrasts,model_2,E_fitted_score_transfer_to_U,predeclared_cross_cell,patient_meanmax54_noobjective_tuned,E,U,patient_meanmax54_noobjective_tuned,E,E,-0.12750000000000006,-0.3575625,0.1100624999999997
cross_cell_contrasts,model_2,U_fit_recovery_on_U,predeclared_cross_cell,patient_meanmax54_noobjective_tuned,U,U,patient_meanmax54_noobjective_tuned,E,U,0.2450000000000001,0.01993749999999997,0.47
cross_cell_contrasts,model_2,E_fit_advantage_on_E,predeclared_cross_cell,patient_meanmax54_noobjective_tuned,E,E,patient_meanmax54_noobjective_tuned,U,E,0.04500000000000004,-0.1825625,0.2750624999999996
