path,image_id,original_hard_label,regression_target,soft_class1_target,image_sha256
images/00003314_000.png,00003314_000.png,1,1,1,20e75961427a4e4b2c775f0824155afb3a0b9c5a01542b4b9bc9a175461088b6
images/00018900_000.png,00018900_000.png,1,1,1,fb4cc48eb325671a00455b982b2d42501d23de69584037e726e8b3de84dcc8c2
images/00027391_003.png,00027391_003.png,1,1,1,9367f75e94a48b01982d61f9f4914b7a51e30229e71c6c7a12b94181818d7316
images/00013458_002.png,00013458_002.png,1,1,1,009416cfd350c5053a7bacb3fe5dc0975fdee16147d54d49df4a854dd40ab0d5
images/00028493_000.png,00028493_000.png,1,1,1,da0000866ced9f781989af1e655c9f73307c04653c652f48f4c158fa1b111a74
images/00009045_002.png,00009045_002.png,1,1,1,40465dbc52f0f331f361c7fe597cdb5f7e3144a437b01ae7f12b1e2e0d127c80
images/00005610_000.png,00005610_000.png,0,-1,0,97129c11271eca29af849a850ea040f7b4412b12c404d2342fd53feb3f8212a1
images/00028161_000.png,00028161_000.png,0,-1,0,fdc7b7991513469e9270a55d9ebf8efacaa99f36090d000f3a1be43b65580874
images/00026286_000.png,00026286_000.png,0,-0.34716746777756519,0.32641626611121743,8ffda0a212179fb60f1ee62b7896285685a14cf053c2b7a391bb256f228f855e
images/00024799_000.png,00024799_000.png,0,-0.90923224326559526,0.045383878367202368,04d311f4c69a382aa767c7e6ae44214c875e54dcf8cacd6ad1fc649b5fc5c5b9
images/00007635_000.png,00007635_000.png,0,-1,0,8cc6607474e5d8a14290116997de1efdf1cbc0f9554898b369bf0a228dfff471
images/00005550_000.png,00005550_000.png,0,-1,0,7a8ab02695be0b3f52f51889a5fe351dfee8ef0d118cd81bb13eef87919908de
images/00028563_000.png,00028563_000.png,0,0.9480388214190153,0.9740194107095077,417bccee01d317789876bb9ffa48bb2933cf681a6003de00eab3978835b83cd7
images/00026734_001.png,00026734_001.png,0,-1,0,6c08f786ba5d16b399f75cfafaf97dbcd668913c7d5b75cc069a730122208815
images/00012994_000.png,00012994_000.png,0,-1,0,57de57fe9bb97f052f9638efa8ffcc20ba96e0240d5db1174d18b76a1a382094
images/00013109_000.png,00013109_000.png,0,-1,0,4fa98880e7f6f69d0e294048e96f182f1613e239d45a319209401a7f75a6ec28
images/00022640_000.png,00022640_000.png,0,-0.54384502955280289,0.22807748522359855,bd1a956a3e5b79462b74a4e9a9f98cd9215b73b6bba91d98440f3ab70f4363fe
images/00009580_000.png,00009580_000.png,0,0.054632869731243032,0.52731643486562152,a9363b9bfada26356a120c094f680ed1ec0a2dbe46d11e7a336ca4c0744f0ab1
images/00023582_000.png,00023582_000.png,0,-1,0,40d84ffb97449be1688097ff1aea210049bfa55a1491314f1fdedbeffc9ff992
images/00027456_000.png,00027456_000.png,0,-1,0,6f0af8cde97113f8771172dffca8b984c7bb264db2faca22dba03cf957134d3e
images/00001794_000.png,00001794_000.png,0,0.99152331595976151,0.9957616579798807,20e2893257a77fabce3d3c1c401f53fb9bd18fbe5d1d6a122665e276c073ce65
images/00002444_002.png,00002444_002.png,0,-0.052829185665693466,0.47358540716715325,005f80edcc589f546dc2c883b8a1a81f1be79e1019fbdd96946dfcc20520e9df
images/00012113_000.png,00012113_000.png,0,1,1,a952483c3d7aa184fa23e9fd5d43832a7987784832bcaeb1373aeaf740b0097b
images/00003547_002.png,00003547_002.png,0,-0.60686614855496668,0.19656692572251666,f08688a09a89d8e36d6fa18822572e782812000ab545cc582a697c3e986df54b
images/00022076_000.png,00022076_000.png,0,-1,0,25b92e241babcc754de1c2c852681a51e782c6b2e08d292223ada20715a31bca
images/00015863_001.png,00015863_001.png,0,-1,0,745dc1bebe4287fe258a53d2653223017fb39ff435b4ca0f45178538d79c0283
images/00020236_000.png,00020236_000.png,0,-1,0,76e7ce840a0ef8acdb912739b76763c31ff36834a0630287935c2e0fee99dd03
images/00019893_000.png,00019893_000.png,0,-0.050636227363345998,0.47468188631832697,ba81d5fefa81d311daa52e19822459b682051169c2abff49cf8c9ec65e5c7e74
images/00004322_000.png,00004322_000.png,0,-1,0,6b3f150e204079a93872bf9be8dca0d9125f70f9270854a6c175e69002b906aa
images/00006686_000.png,00006686_000.png,0,-1,0,bddae575bde924f0b37c3720bcecdfdac0c19cdb08acae9d8880a32787af3aa8
images/00026282_002.png,00026282_002.png,0,1,1,432733ea3bf606a7bb6986a143b9419bc7a1bda258af57e9ad1f509030dbaf80
images/00016644_000.png,00016644_000.png,0,-1,0,72bee80e2ec24f9e61f9c0eab139d9fa12a990d2e7e264010a93459276ab2fe6
images/00009024_000.png,00009024_000.png,0,-0.60919848078054528,0.19540075960972736,9627ce5d7dd48a87e4a8e36d741af35ae116dccdd040e05edbef2f6702cadbc3
images/00009151_000.png,00009151_000.png,0,-1,0,2615beeffa76c1a63ec3a4def9faf934387331de4a571095b867dd02924d1118
images/00000932_000.png,00000932_000.png,0,0.91062977620503327,0.95531488810251664,1098764787d119c1f63d5e993732d24ad01787bb657dba5bdad4a8151dfbaba1
images/00023225_000.png,00023225_000.png,0,0.81933784746872107,0.90966892373436048,3698195e9af74be757d0cc08fa1eec1b13048ba6588c62251aacdf074b85a84e
images/00030157_002.png,00030157_002.png,0,-1,0,b1b3685cf33987d3f97a25de05c858f5ae4d88c0b4c6f3592e78d464dd4198d9
images/00000175_000.png,00000175_000.png,0,-1,0,61ac6c1800c988de088da13897f1e6966c9535e645c6a88bb4038b42e30fb9dc
images/00009883_000.png,00009883_000.png,0,1,1,6afdc5c6dca533362c1adfa1b44c3f65cc176777a3d125cdfbdd1a7796a9360f
images/00011219_000.png,00011219_000.png,0,1,1,dfc94f3541b04a453a911853da26518f4d11c0609e28bcb74c9b2cd5a19838b2
images/00015535_000.png,00015535_000.png,0,-0.48612340640109258,0.25693829679945368,d81abbc66804fab20312b48fca857f01eecbd4d9701a8ea135fedb7f9141c06e
images/00026024_001.png,00026024_001.png,0,0.79037383711160913,0.89518691855580457,9a004ba9e519f90818e8a4d413d4ef3df6907572eebd0fa722a5cf8d1056ea44
images/00003988_002.png,00003988_002.png,0,0.084446186294068595,0.54222309314703432,e5296075aec3cd315187d2a621257de762e9c24e730fa70682b6b5424866a50d
images/00008733_000.png,00008733_000.png,0,0.15924784303884204,0.57962392151942099,6efbf3f5dbe8f6a77606df57943d59ea7797f11e93bd857d8f7e35a530b6d505
images/00022430_000.png,00022430_000.png,0,0.049151897009154621,0.52457594850457734,5fae802c6481f00e8b5d1b2e26d9558d60be0a1524f148a69bb6533b67857505
images/00017826_000.png,00017826_000.png,0,-1,0,65f0e1c21b48c03e90d13527a19c0834ce9b3820acf197642b96d34173871325
images/00008432_000.png,00008432_000.png,0,0.062098538675380836,0.53104926933769037,0ce3f642826b4246eae57c84c0ee33f78c32a2304fa5cae7229837bfafaaab4b
images/00009552_000.png,00009552_000.png,0,1,1,65ff2bd80e36b3b6b7466751d1e39394fcf568d43a2e726207acea825bd8a397
images/00000046_000.png,00000046_000.png,0,0.95118123732919668,0.9755906186645984,5c6d02d6a2cf5fce81390d31bcc5610d4b726add317b4411c441d9a50710c0bb
images/00012164_005.png,00012164_005.png,0,-1,0,6e02ccfc64879fdda9a9c6d812e02ef9a8198365215fcd4d1bd10a4696b9290c
images/00021698_001.png,00021698_001.png,0,0.31637569965295836,0.65818784982647915,521a5ee49083ce6e14c6d0851e6a689440961d6c8e1c228e433466ab6d5c8ef8
images/00028674_002.png,00028674_002.png,0,-1,0,fda309cfd3ab3432c9d56744d5fde39ddeb6ccb4bfb50bf6fef32a2d720684f0
images/00008035_000.png,00008035_000.png,0,0.14645791515699988,0.5732289575784999,d0133d7428f2c92ad7baae54c8dafdbd37443f0ff1adecc331186c04998257d4
images/00018948_000.png,00018948_000.png,0,1,1,b24dd7632b1e16ccbb5db486f824cb9f8c211ccf269a1d6d474ceb0d750c7847
images/00003761_001.png,00003761_001.png,0,-0.96443481985003676,0.017782590074981619,6336eb1948d25a47b7888d6480a338c948bcd33cfca588528b0e421a717a68e9
images/00017392_000.png,00017392_000.png,0,-1,0,7695f7f6416020699d184cb7ba67107ce452563fd1e99ef4b50ead2975f6499d
images/00011627_000.png,00011627_000.png,0,-1,0,e19ccd260c693576ac48741a917c0465f26d463af1f5d3685c990d72e9d33947
images/00004982_000.png,00004982_000.png,0,0.14465717499317882,0.57232858749658944,69d9a6d20a8da6e2553334c8aa504db70caa57c48e50a780b041538f121b6fdb
images/00001598_000.png,00001598_000.png,0,1,1,6ad4d7e9f4a850937c9618f5810166b82e238baffc42d81a6c3863fb5922c13e
images/00027796_000.png,00027796_000.png,0,-0.34189271089001028,0.32905364455499486,23d43d0a8d3be4690a47674838b9839c0fe7d276f939cf2a11c59b7313b25fac
images/00017438_000.png,00017438_000.png,0,0.46163133035716442,0.73081566517858221,16907de206dd0f670f5c548ef52d6d3c35fee6a286e5574d42fd3915d947f91d
images/00026941_000.png,00026941_000.png,0,1,1,e7108d3ae41f235c56b1104fac3e8b43789854f51b0a93cb4879d8d9c922b1cf
images/00003613_000.png,00003613_000.png,0,-0.90609445958498958,0.046952770207505212,253b9cd52d48348ed9a3a68c6399d7080ff627f71c56c367c0d846c8d8f5c0c4
images/00004011_000.png,00004011_000.png,0,-1,0,a72df1d32c4a94e66cd547de2e1b1ecf40ff28eff1ad687cb8eafe55ca359024
images/00019375_000.png,00019375_000.png,0,0.17114017922097569,0.58557008961048784,57332c696495e1d5b7b9a160917a994a0b0717c5a7dcb96049b775285038ccb7
images/00020480_000.png,00020480_000.png,0,1,1,af15a3692ec9c754a31625ffe61eff453d790ba4d393032c3e547309e37c6e7d
images/00024762_000.png,00024762_000.png,0,0.76905641095002075,0.88452820547501032,9427ea9b03e986b953d4574b4ee24485a40fe80a6c8bd60a391e265036873c17
images/00012978_000.png,00012978_000.png,0,-0.021994653563263102,0.48900267321836843,2b411275d7e6e4c0a71a71a4a5f2eded88e20d29edcee9b3e0cd17a018b01d25
images/00015615_000.png,00015615_000.png,0,1,1,35a26d07c7d0e54743889b168355ceb4e8994f39f73abeeca2e5e79124ecc56d
images/00011093_000.png,00011093_000.png,0,-0.54325445147336004,0.22837277426331998,d6e56c02a8d3ee12fddf795e4280d13bd51a2c0c4e5a559434177d2aad910150
images/00011878_000.png,00011878_000.png,0,-1,0,cc467ab9f396481b4a4b4b3ea694dfda5ce46525f95c0caa56abd93f1ecf5017
images/00025647_000.png,00025647_000.png,0,0.78525622501247105,0.89262811250623553,7eda216586b9ca0aaf74f17e36d4a3afe83bfa83e84e0cc5a202754dd1fd9bbb
images/00020549_000.png,00020549_000.png,0,-1,0,a8961a865cdf50cf310646de6afcc8f9dbaa75fe728ed5ad80fe13b6780d79c0
images/00023479_000.png,00023479_000.png,0,-1,0,1d69f5df1330ddfed70893a0031a2767d832685129ffc008a701d730ecfe20dc
images/00019085_006.png,00019085_006.png,0,1,1,dd7738eded5903121de40849848b4eae4ff0ec7e8c6d0702744d426732bc4b43
images/00001662_000.png,00001662_000.png,0,-1,0,94ab4e30ec2fada510ba5b8f19786adac909f78b90e5c2a6fa7e7f2c80c4679a
images/00006773_000.png,00006773_000.png,0,-1,0,b432ab8eb18f8b002701b6a34b81df8326cc92e30d8a1e714b7239a617f3b148
images/00025711_000.png,00025711_000.png,0,-1,0,4c6b949051987c6d5d65c592b68e6969c2a332d03d35e2d07e1cc290585637c5
images/00019117_000.png,00019117_000.png,0,-1,0,c787ecdc26f94cb6389c696de8b69fc125f08380c58873e5cb89df46d792dc21
images/00006308_003.png,00006308_003.png,0,-0.90711254531535046,0.04644372734232477,178f5eb6e340f88e20ae80306ff00d281559394d7bf8969748b7144e8bbc34c6
images/00026005_001.png,00026005_001.png,0,1,1,fc323152311fc29f96c5b1370e6c7e0b955e3dcb951fa6b027e8b635f46f84ce
images/00001439_000.png,00001439_000.png,0,1,1,82509e2a19df37825b24c307cf58bc8b4e74b7f42cac099361305fb99e80ed9c
images/00027433_002.png,00027433_002.png,0,1,1,7b7e6a4d8713958cb157ae8cc2478936e87f99746dbf3f267c1a1f5e0c5f1f09
images/00016071_000.png,00016071_000.png,0,1,1,2fb4df92c155e54cdb2fcfac8ee8f17c85c9cd72b9609a8f4efa14df61d579ef
images/00012562_000.png,00012562_000.png,0,1,1,f78a40b47ef66e4e630d83ce34f74d0c2b0a6f372a0da0d909102cefa7b915e3
images/00020275_001.png,00020275_001.png,0,-0.57187656271417708,0.21406171864291146,451c647b0cee39a34e1cbbcdfb9fc2f4348b56e67f0fc6067b48434a65cb1ab4
images/00019043_000.png,00019043_000.png,0,-0.22357290960630669,0.38821354519684664,0b6039912454d5bc54fa9035eb48a915a1470611ee550ce3dd45f62efb7a874e
images/00000200_001.png,00000200_001.png,0,-1,0,2f25a40c9886c18daa193abce96913acfc81f24ecc2862abf60c2f60d1ff9d52
images/00012781_002.png,00012781_002.png,0,1,1,7804a21b59c6555ee58e3c29f76d0ef9907ce753f59f25aa92197740ccbed63a
images/00020241_000.png,00020241_000.png,0,1,1,a4a9df0dba2a4bea91fdd27e3f3c1908eeb5a460077674f7cd51bc4f96c591bb
images/00003264_003.png,00003264_003.png,0,1,1,e35b3919e3fcb15476662e61ab7a3cae082e1bbcf7e8d0c8a8ebbb367fb245da
images/00029558_000.png,00029558_000.png,0,1,1,4a2f3371b3cf240ad81b28ec80e602166780ee906640d6cb5088278b064d09b1
images/00008910_000.png,00008910_000.png,0,0.53842448851722391,0.76921224425861201,92a03a501568da7ad784f255c65a9ba2c840ff33d560127d2917fbb814d0a8b1
images/00013898_000.png,00013898_000.png,0,-1,0,bb9b3028eeda6ba90ebf3a87004f69e322e8d3b06da22599194930ed676cc131
images/00019564_000.png,00019564_000.png,0,-1,0,6778680c6b2b28c8548d7dae8cb26cf21b16504b5dd7a17026fda9f5cd50106f
images/00023924_000.png,00023924_000.png,0,1,1,4310a2119038f09e3cb5a901511045ee0e1735269d7370cfeec152a763acd3cd
images/00007753_000.png,00007753_000.png,0,-0.31804027431873438,0.34097986284063281,09a64f42a37d2316b606986c6236adcbd6c5f3987481d398db10cac4d4fd4663
images/00011974_000.png,00011974_000.png,0,1,1,f5624047c2335f3e616db50b968098c7966d41752ce249abbdb4e75d49baafac
images/00000612_000.png,00000612_000.png,0,1,1,2fe038ce098a1a372337ca22c54f7a153ce78dd820f0f22fbe5854f83c35c6c0
images/00005853_000.png,00005853_000.png,0,-1,0,f641d9aee99866b7c390048691a4de04279b63268166d3b23a14f56ddaf9c406
images/00005531_000.png,00005531_000.png,0,-1,0,038654912ef7ea50169fb37ed39375d3cda6f1c6b6cfe928d59670d963901a9f
images/00023262_000.png,00023262_000.png,0,-0.85005236900333592,0.074973815498332042,da9758f92db14f1513029e845a38d6287a94b479eced1fe8caf755a35b01eef6
images/00008358_000.png,00008358_000.png,0,0.5055455340396241,0.75277276701981211,73378489d6348e24acbba2a25802b1e8039f6cd4ffe8762b796e3ddf9bb4e5e8
images/00001914_001.png,00001914_001.png,0,-1,0,a181e072428a2e4d203772b42ae2b608dbdd378018580d5a50341ea1c85af611
images/00010774_000.png,00010774_000.png,0,1,1,6c45d07e7df42f8cd5215a12153a71c66d823d8fe31fc9b5edd95ac08dad1905
images/00018365_000.png,00018365_000.png,0,0.55655008235934356,0.77827504117967172,54a75f37d4520452f39f475537e1ffee9447196fb74bbb0b51538999289e2518
images/00016808_000.png,00016808_000.png,0,1,1,c1f756f182821bd2191a6f94f2927912385fea6f2762d2a774d2e0bfaa2cb495
images/00010383_000.png,00010383_000.png,0,-0.73493930514351613,0.13253034742824193,8ef25f35b8b991413decefaabd6ac752379a817129384a1376271d1e4dca55b3
images/00011552_000.png,00011552_000.png,0,0.24363651670736733,0.62181825835368365,7dfd132f9f240a9f4dc1f0d41b3084ff02b2985321902f2986b396330c1821a8
images/00025597_001.png,00025597_001.png,0,1,1,83dcd1e69e5af9bf1c72d89ef77c60ff16bf63c176c7dfb28e1309695d9659ee
images/00019500_001.png,00019500_001.png,0,0.53204477206126688,0.76602238603063344,5088f27ba3b8971f1755eb9be98440d35bbe5f57ae728dbd2d966ab06edd90df
images/00023127_000.png,00023127_000.png,0,0.62887586274580609,0.8144379313729031,d8f700e6e715542c8689cc2436271b8bb9b684eadaca809f7e346fd45529f0a3
images/00009641_011.png,00009641_011.png,0,1,1,a8d7f4c9a7a95830eddaedaec7a9936672bd9c9754166d090bfc64b5ddd557e8
images/00017959_000.png,00017959_000.png,0,1,1,48349859daff5f3051ca025ab576fdb598d3364260afc6baf08d1c9532232ffe
images/00018039_000.png,00018039_000.png,0,-0.60833943343685171,0.19583028328157415,da4a6e3561dae79782c7e0218fce7e8555af2f3da12785a9dbce190dc5bd9020
images/00020419_000.png,00020419_000.png,0,0.16142519841153005,0.58071259920576501,077082c34ca74d895f847d65621d18cd53bff0cf66b1e69bdc704af7d912fac8
images/00018710_000.png,00018710_000.png,0,-1,0,a83c13184fae3a01e1fa04174ca1a0c51a1748ee3586aef4e927abe78107e8ee
images/00027990_000.png,00027990_000.png,0,-0.4561928216352264,0.27190358918238677,3472e0fc2e7c021aca3e80dffdd67555f17ba84ffffbb646385224fb48811c73
images/00023410_000.png,00023410_000.png,0,-1,0,ba7b007e26e9aec2c7ba2ab10fce9c0076d8104ee19f668c9f712c6c61ee21b9
images/00026853_000.png,00026853_000.png,0,1,1,f4eae7add42ed0df707e60a10f0c8ee34054a4bd0584a272b031d0bbc3232a1d
images/00011517_000.png,00011517_000.png,0,1,1,5e07fb76a6ab67ee80ee554b8b47ee58c79413abd1f775fd0b15c6751af39f9e
images/00021393_000.png,00021393_000.png,0,-1,0,e18fdd47c57251ec5e2ece56f5cba0a139c3367c7f9f7962281e89d252c11d82
images/00008886_000.png,00008886_000.png,0,-1,0,b80113fc8bd124038e6068c867af827bc6664bdc450d0d72c87c45da8cb15783
images/00028350_001.png,00028350_001.png,0,1,1,a4e44670933ed32e225642d10d08ce912d4543cd9ed3c5309d703c08a8ac80f7
images/00021137_000.png,00021137_000.png,0,-1,0,df24ebb9ba81ab056a1eb9275451174dcba7afe8b1a288e360121b61870ff723
images/00006244_000.png,00006244_000.png,0,-0.46137905929833861,0.26931047035083067,9e60cdb675b1b9c5854884bc7d251934d7d0c519f3271c039d4879bd8fb5dee3
images/00017576_000.png,00017576_000.png,0,-0.21473415289181455,0.39263292355409274,c64e28b7c9acab7ac65f1bbb031b4f4eb60ce80c4d31d10f34835eef6fc40405
images/00011957_000.png,00011957_000.png,0,0.69314015263868978,0.84657007631934489,69e563345c3e81197e983ff1d66ceff6291521ed6cdff5f57b2ee64e5e05cc0c
