id,priority,latest18,cvpr_relation,group_label,alias,title,venue,role,source_url,pdf_url,link_status,historical_locations,metadata_note
A01,1,True,핵심 주장·방법 대조,환자 위험·의료 생성 감사·공격·재식별,Knolle / Disparate privacy risks,Disparate privacy risks from medical AI,Nature 2026,평균 공격성능 뒤에 숨는 환자별 극단 위험. 환자 tail 발견 자체의 선행 경계.,https://www.nature.com/articles/s41586-026-10688-0,https://www.nature.com/articles/s41586-026-10688-0.pdf,PDF 응답 확인,03_근접연구_재검증과_1순위_최종판단_2026-09-02.md:162; 04_관련근접연구_claim_matrix_2026-09-02.md:234; 16_biometric_선행충돌과_patient_exposure_tail_결과_2026-09-03.md:95; 17_탈옥트렌드_팩트검증과_현1순위_신규성경계_2026-09-08.md:114; 18_CVPR_SOTA_전수대조와_투고가능성_판정_2026-09-08.md:360,
A02,12,True,직접 방법·평가 비교군,환자 위험·의료 생성 감사·공격·재식별,Dar / Medical LDM memorization,Unconditional latent diffusion models memorize patient imaging data,Nature Biomedical Engineering 2025,의료 LDM의 환자 영상 암기·복제. 실제 노출 동기와 탐지기 비교.,https://www.nature.com/articles/s41551-025-01468-8,https://www.nature.com/articles/s41551-025-01468-8.pdf,브라우저 확인 필요,01_독립_논문_방향_추천_순위와_근거_2026-09-02.md:124; 03_근접연구_재검증과_1순위_최종판단_2026-09-02.md:164; 04_관련근접연구_claim_matrix_2026-09-02.md:236; 18_CVPR_SOTA_전수대조와_투고가능성_판정_2026-09-08.md:361,
A03,3,True,핵심 주장·방법 대조,환자 위험·의료 생성 감사·공격·재식별,CheXGenBench,"CheXGenBench: A Unified Benchmark For Fidelity, Privacy and Utility of Synthetic Chest Radiographs",TMLR 2026 / arXiv 공개본,CXR 생성의 fidelity·privacy·utility 통합 평가. 단순 벤치마크 결합과의 차이 확인.,https://arxiv.org/abs/2505.10496,https://arxiv.org/pdf/2505.10496,PDF 응답 확인,16_biometric_선행충돌과_patient_exposure_tail_결과_2026-09-03.md:96; 18_CVPR_SOTA_전수대조와_투고가능성_판정_2026-09-08.md:362,
A04,4,True,직접 방법·평가 비교군,환자 위험·의료 생성 감사·공격·재식별,DeepSSIM++,Auditing Patient Privacy in Medical Generative Models: Scalable Memorization Detection with DeepSSIM++,arXiv 2026-09,의료 생성물 near-copy 감사. 새 감사법의 독립 비교 대상.,https://arxiv.org/abs/2609.03615,https://arxiv.org/pdf/2609.03615,PDF 응답 확인,18_CVPR_SOTA_전수대조와_투고가능성_판정_2026-09-08.md:363,
A05,5,True,직접 방법·평가 비교군,환자 위험·의료 생성 감사·공격·재식별,Medical MIA split bias,Membership Inference or Data Split Bias? Identifying False Positives in Synthetic Medical Image Privacy Audits,MIE / Studies in Health Technology and Informatics 2026,분할 편향을 실제 membership 신호로 오인하는 문제. member-only 대조의 근거.,https://journals.sagepub.com/doi/10.3233/SHTI260258,https://pure-oai.bham.ac.uk/ws/portalfiles/portal/304478106/BaiL2026Membership.pdf,PDF 응답 확인,18_CVPR_SOTA_전수대조와_투고가능성_판정_2026-09-08.md:368,
A06,6,True,핵심 주장·방법 대조,환자 위험·의료 생성 감사·공격·재식별,FACE-AUDITOR,FACE-AUDITOR: Data Auditing in Facial Recognition Systems,USENIX Security 2023,개인 단위 데이터 감사. 환자별 여러 기록을 합친 공격 자체의 선행 경계.,https://www.usenix.org/conference/usenixsecurity23/presentation/chen-min,https://www.usenix.org/system/files/usenixsecurity23-chen-min.pdf,PDF 응답 확인,18_CVPR_SOTA_전수대조와_투고가능성_판정_2026-09-08.md:380,
A07,7,True,핵심 주장·방법 대조,환자 위험·의료 생성 감사·공격·재식별,User-level embedding MIA,User-Level Membership Inference Attack against Metric Embedding Learning,ICLR 2022 PAIR²Struct workshop,정확한 훈련 이미지 없이도 사용자 membership을 추론하는 선행.,https://iclr.cc/virtual/2022/7498,https://arxiv.org/pdf/2203.02077,PDF 응답 확인,18_CVPR_SOTA_전수대조와_투고가능성_판정_2026-09-08.md:379,
A08,8,True,직접 방법·평가 비교군,환자 위험·의료 생성 감사·공격·재식별,DIME,DIME: Query-Efficient Framework for Membership Inference on Diffusion Models,arXiv 2026-08,최근 diffusion MIA 기준선. 위협모델·질의 예산을 맞춰 비교해야 함.,https://arxiv.org/abs/2608.22824,https://arxiv.org/pdf/2608.22824,PDF 응답 확인,18_CVPR_SOTA_전수대조와_투고가능성_판정_2026-09-08.md:378,
A09,9,True,핵심 주장·방법 대조,환자 위험·의료 생성 감사·공격·재식별,Quantile-regression MIA,Membership Inference Attacks on Diffusion Models via Quantile Regression,ICML 2024,개별 표본의 공격 점수 보정. 환자 집합 보정과의 차이를 확인.,https://proceedings.mlr.press/v235/tang24g.html,https://raw.githubusercontent.com/mlresearch/v235/main/assets/tang24g/tang24g.pdf,PDF 응답 확인,18_CVPR_SOTA_전수대조와_투고가능성_판정_2026-09-08.md:375,
A10,10,True,직접 방법·평가 비교군,환자 위험·의료 생성 감사·공격·재식별,PIA / PIAN,An Efficient Membership Inference Attack for the Diffusion Model by Proximal Initialization,ICLR 2024,효율적인 diffusion membership 공격. 환자 집합 감사에 들어갈 이미지 단위 근거.,https://proceedings.iclr.cc/paper_files/paper/2024/file/ff73af253974e6144c4eddf896d3095a-Paper-Conference.pdf,https://proceedings.iclr.cc/paper_files/paper/2024/file/ff73af253974e6144c4eddf896d3095a-Paper-Conference.pdf,PDF 응답 확인,18_CVPR_SOTA_전수대조와_투고가능성_판정_2026-09-08.md:374,
A11,,True,직접 방법·평가 비교군,환자 위험·의료 생성 감사·공격·재식별,SecMI,Are Diffusion Models Vulnerable to Membership Inference Attacks?,ICML 2023,diffusion membership inference의 기초 공격 비교군.,https://proceedings.mlr.press/v202/duan23b.html,https://proceedings.mlr.press/v202/duan23b/duan23b.pdf,PDF 응답 확인,18_CVPR_SOTA_전수대조와_투고가능성_판정_2026-09-08.md:373,
A12,,True,직접 방법·평가 비교군,환자 위험·의료 생성 감사·공격·재식별,CLiD,Membership Inference on Text-to-Image Diffusion Models via Conditional Likelihood Discrepancy,NeurIPS 2024,조건부 likelihood 차이를 이용한 text-to-image MIA. 조건 접근권이 같은 경우 비교.,https://proceedings.neurips.cc/paper_files/paper/2024/hash/874411a224a1934b80d499068384808b-Abstract-Conference.html,https://proceedings.neurips.cc/paper_files/paper/2024/file/874411a224a1934b80d499068384808b-Paper-Conference.pdf,PDF 응답 확인,18_CVPR_SOTA_전수대조와_투고가능성_판정_2026-09-08.md:376,
A13,,True,직접 방법·평가 비교군,환자 위험·의료 생성 감사·공격·재식별,Black-box diffusion MIA,Towards Black-Box Membership Inference Attack for Diffusion Models,ICML 2025,black-box 접근조건의 공격 비교군. white-box 결과와 구분.,https://proceedings.mlr.press/v267/li25k.html,https://raw.githubusercontent.com/mlresearch/v267/main/assets/li25k/li25k.pdf,PDF 응답 확인,18_CVPR_SOTA_전수대조와_투고가능성_판정_2026-09-08.md:377,
A14,,True,직접 방법·평가 비교군,환자 위험·의료 생성 감사·공격·재식별,Carlini / Training-data extraction,Extracting Training Data from Diffusion Models,USENIX Security 2023,훈련 이미지 추출. membership 추론·유사도·실제 복제의 차이 확인.,https://www.usenix.org/conference/usenixsecurity23/presentation/carlini,https://www.usenix.org/system/files/usenixsecurity23-carlini.pdf,PDF 응답 확인,18_CVPR_SOTA_전수대조와_투고가능성_판정_2026-09-08.md:372,
A15,15,True,직접 방법·평가 비교군,환자 위험·의료 생성 감사·공격·재식별,MaMI / All-in-One MedReID,Towards All-in-One Medical Image Re-Identification,CVPR 2025,의료영상 재식별. 환자 identity 신호와 평가 encoder의 직접 선행.,https://openaccess.thecvf.com/content/CVPR2025/html/Tian_Towards_All-in-One_Medical_Image_Re-Identification_CVPR_2025_paper.html,https://openaccess.thecvf.com/content/CVPR2025/papers/Tian_Towards_All-in-One_Medical_Image_Re-Identification_CVPR_2025_paper.pdf,PDF 응답 확인,10_CVPR_reset_관련근접연구_새방향_2026-09-03.md:71; 16_biometric_선행충돌과_patient_exposure_tail_결과_2026-09-03.md:44; 18_CVPR_SOTA_전수대조와_투고가능성_판정_2026-09-08.md:341,
A16,,False,,환자 위험·의료 생성 감사·공격·재식별,Packhäuser / CXR biometric ReID,Deep Learning-based Patient Re-identification Is able to Exploit the Biometric Nature of Medical Chest X-ray Data,arXiv 2021 공개본,흉부 X-ray의 생체 식별 신호. 반복 환자 기록 감사의 배경.,https://arxiv.org/abs/2103.08562,https://arxiv.org/pdf/2103.08562,PDF 응답 확인,16_biometric_선행충돌과_patient_exposure_tail_결과_2026-09-03.md:97,
A17,,False,,환자 위험·의료 생성 감사·공격·재식별,The Devil is in the Prompts,The Devil is in the Prompts: De-Identification Traces Enhance Memorization Risks in Synthetic Chest X-Ray Generation,arXiv 2025 공개본,비식별화 문구와 prompt가 CXR 암기 위험에 미치는 영향.,https://arxiv.org/abs/2502.07516,https://arxiv.org/pdf/2502.07516,PDF 응답 확인,16_biometric_선행충돌과_patient_exposure_tail_결과_2026-09-03.md:98,
A18,,True,직접 방법·평가 비교군,환자 위험·의료 생성 감사·공격·재식별,InvMM,An Inversion-based Measure of Memorization for Diffusion Models,ICCV 2025,inversion 기반 diffusion memorization 척도. 별도 관점의 감사 비교.,https://openaccess.thecvf.com/content/ICCV2025/html/Ma_An_Inversion-based_Measure_of_Memorization_for_Diffusion_Models_ICCV_2025_paper.html,https://openaccess.thecvf.com/content/ICCV2025/papers/Ma_An_Inversion-based_Measure_of_Memorization_for_Diffusion_Models_ICCV_2025_paper.pdf,PDF 응답 확인,18_CVPR_SOTA_전수대조와_투고가능성_판정_2026-09-08.md:343,
A19,,True,기반·확장 관련 문헌,환자 위험·의료 생성 감사·공격·재식별,Dombrowski / Privacy and fairness,Can Diffusion Models Generalize? Privacy and Fairness Trade-offs for Medical Data Sharing.,MIDL 2026,의료 합성 데이터의 일반화·프라이버시·공정성 평가.,https://proceedings.mlr.press/v301/dombrowski26a.html,https://raw.githubusercontent.com/mlresearch/v301/main/assets/dombrowski26a/dombrowski26a.pdf,PDF 응답 확인,03_근접연구_재검증과_1순위_최종판단_2026-09-02.md:165; 18_CVPR_SOTA_전수대조와_투고가능성_판정_2026-09-08.md:364,
A20,,True,기반·확장 관련 문헌,환자 위험·의료 생성 감사·공격·재식별,Medical LDM filtering,Privacy-Preserving Latent Diffusion-Based Synthetic Medical Image Generation,IEEE Transactions on Medical Imaging 2026,유사 생성물 filtering 기반 safeguard. formal DP와 구분.,https://pmc.ncbi.nlm.nih.gov/articles/PMC13034593/,https://pmc.ncbi.nlm.nih.gov/articles/PMC13034593/pdf/nihms-2153980.pdf,브라우저 확인 필요,03_근접연구_재검증과_1순위_최종판단_2026-09-02.md:166; 18_CVPR_SOTA_전수대조와_투고가능성_판정_2026-09-08.md:367,
A21,,True,기반·확장 관련 문헌,환자 위험·의료 생성 감사·공격·재식별,Patient-level diffusion unlearning,Patient-level Machine Unlearning in Latent Diffusion Models: On the Limits of the Privacy-Utility Trade-off,MIDL 2026 Short Paper Track,환자 단위 unlearning과 privacy·utility의 한계. 환자 영향 제거 자체의 선행.,https://openreview.net/pdf?id=x83b7ybcB1,https://openreview.net/pdf?id=x83b7ybcB1,브라우저 확인 필요,16_biometric_선행충돌과_patient_exposure_tail_결과_2026-09-03.md:45; 18_CVPR_SOTA_전수대조와_투고가능성_판정_2026-09-08.md:365,제목·short-paper 표기는 공개 PDF의 검색 인덱스로 확인; 직접 HTTP 요청은 403.
A22,,True,기반·확장 관련 문헌,환자 위험·의료 생성 감사·공격·재식별,PrivDiff-Net,"Hide Identity, Preserve Pathology: Diffusion-Based Anonymization for Chest X-rays",PMLR 317 / 2026,identity 억제와 pathology 보존. 생체신호 제거 방법의 직접 선행.,https://proceedings.mlr.press/v317/akhter26a.html,https://raw.githubusercontent.com/mlresearch/v317/main/assets/akhter26a/akhter26a.pdf,PDF 응답 확인,16_biometric_선행충돌과_patient_exposure_tail_결과_2026-09-03.md:42; 18_CVPR_SOTA_전수대조와_투고가능성_판정_2026-09-08.md:366,
A23,,True,기반·확장 관련 문헌,환자 위험·의료 생성 감사·공격·재식별,Semantic versus Identity,Semantic versus Identity: A Divide-and-Conquer Approach towards Adjustable Medical Image De-Identification,ICCV 2025,의료 identity·semantic 분해 및 조절 가능한 비식별화.,https://openaccess.thecvf.com/content/ICCV2025/html/Tian_Semantic_versus_Identity_A_Divide-and-Conquer_Approach_towards_Adjustable_Medical_Image_ICCV_2025_paper.html,https://openaccess.thecvf.com/content/ICCV2025/papers/Tian_Semantic_versus_Identity_A_Divide-and-Conquer_Approach_towards_Adjustable_Medical_Image_ICCV_2025_paper.pdf,PDF 응답 확인,16_biometric_선행충돌과_patient_exposure_tail_결과_2026-09-03.md:43; 18_CVPR_SOTA_전수대조와_투고가능성_판정_2026-09-08.md:342,
A24,,False,,환자 위험·의료 생성 감사·공격·재식별,Anonymous CXR synthesis,Generation of Anonymous Chest Radiographs Using Latent Diffusion Models for Training Thoracic Abnormality Classification Systems,arXiv 2022 공개본,익명 CXR 합성과 재식별 억제. 비-DP 방어와 formal DP의 차이.,https://arxiv.org/abs/2211.01323,https://arxiv.org/pdf/2211.01323,PDF 응답 확인,16_biometric_선행충돌과_patient_exposure_tail_결과_2026-09-03.md:46,
A25,,True,기반·확장 관련 문헌,환자 위험·의료 생성 감사·공격·재식별,MemControl,MemControl: Mitigating Memorization in Diffusion Models via Automated Parameter Selection,WACV 2025,학습 파라미터 선택을 통한 암기 완화. 단순 선택적 fine-tuning의 선행 경계.,https://openaccess.thecvf.com/content/WACV2025/html/Dutt_MemControl_Mitigating_Memorization_in_Diffusion_Models_via_Automated_Parameter_Selection_WACV_2025_paper.html,https://openaccess.thecvf.com/content/WACV2025/papers/Dutt_MemControl_Mitigating_Memorization_in_Diffusion_Models_via_Automated_Parameter_Selection_WACV_2025_paper.pdf,PDF 응답 확인,18_CVPR_SOTA_전수대조와_투고가능성_판정_2026-09-08.md:344,
A26,,True,기반·확장 관련 문헌,환자 위험·의료 생성 감사·공격·재식별,Privacy-utility memorization mitigation,Enhancing Privacy-Utility Trade-offs to Mitigate Memorization in Diffusion Models,CVPR 2025,diffusion 암기 완화와 privacy·utility trade-off의 인접 방법.,https://openaccess.thecvf.com/content/CVPR2025/html/Chen_Enhancing_Privacy-Utility_Trade-offs_to_Mitigate_Memorization_in_Diffusion_Models_CVPR_2025_paper.html,https://openaccess.thecvf.com/content/CVPR2025/papers/Chen_Enhancing_Privacy-Utility_Trade-offs_to_Mitigate_Memorization_in_Diffusion_Models_CVPR_2025_paper.pdf,PDF 응답 확인,18_CVPR_SOTA_전수대조와_투고가능성_판정_2026-09-08.md:345,
B01,2,True,핵심 주장·방법 대조,환자·사용자 DP와 DP diffusion 학습,Kaiser / Medical user-level DP,User-Level Differential Privacy in Medical Machine Learning,TPDP 2025,가변 records/patient의 sampling·clipping 조절. G8/P8 비교에 추가할 가장 직접적인 기준선.,https://tpdp.journalprivacyconfidentiality.org/2025/pdf/kaiser.pdf,https://tpdp.journalprivacyconfidentiality.org/2025/pdf/kaiser.pdf,PDF 응답 확인,16_biometric_선행충돌과_patient_exposure_tail_결과_2026-09-03.md:72; 17_탈옥트렌드_팩트검증과_현1순위_신규성경계_2026-09-08.md:117; 18_CVPR_SOTA_전수대조와_투고가능성_판정_2026-09-08.md:355,
B02,14,True,기반·확장 관련 문헌,환자·사용자 DP와 DP diffusion 학습,P3SGD,P3SGD: Patient Privacy Preserving SGD for Regularizing Deep CNNs in Pathological Image Classification,CVPR 2019,환자 단위 SGD·privacy의 선행. patient clipping 자체를 새 기여로 셀 수 없음.,https://openaccess.thecvf.com/content_CVPR_2019/html/Wu_P3SGD_Patient_Privacy_Preserving_SGD_for_Regularizing_Deep_CNNs_in_CVPR_2019_paper.html,https://openaccess.thecvf.com/content_CVPR_2019/papers/Wu_P3SGD_Patient_Privacy_Preserving_SGD_for_Regularizing_Deep_CNNs_in_CVPR_2019_paper.pdf,PDF 응답 확인,01_독립_논문_방향_추천_순위와_근거_2026-09-02.md:54; 03_근접연구_재검증과_1순위_최종판단_2026-09-02.md:159; 04_관련근접연구_claim_matrix_2026-09-02.md:208; 06_ISIC_실제_gradient_진단과_현재_방법판정_2026-09-02.md:212; 10_CVPR_reset_관련근접연구_새방향_2026-09-03.md:68; 14_SetAdapter_context_반증과_주제재판정_2026-09-03.md:235; 16_biometric_선행충돌과_patient_exposure_tail_결과_2026-09-03.md:70; 17_탈옥트렌드_팩트검증과_현1순위_신규성경계_2026-09-08.md:115; 18_CVPR_SOTA_전수대조와_투고가능성_판정_2026-09-08.md:338,
B03,,True,기반·확장 관련 문헌,환자·사용자 DP와 DP diffusion 학습,DP-FedEmb,Learning To Generate Image Embeddings With User-Level Differential Privacy,CVPR 2023,여러 이미지를 가진 사용자 단위 DP vision embedding 학습.,https://openaccess.thecvf.com/content/CVPR2023/papers/Xu_Learning_To_Generate_Image_Embeddings_With_User-Level_Differential_Privacy_CVPR_2023_paper.pdf,https://openaccess.thecvf.com/content/CVPR2023/papers/Xu_Learning_To_Generate_Image_Embeddings_With_User-Level_Differential_Privacy_CVPR_2023_paper.pdf,PDF 응답 확인,04_관련근접연구_claim_matrix_2026-09-02.md:212; 16_biometric_선행충돌과_patient_exposure_tail_결과_2026-09-03.md:71; 17_탈옥트렌드_팩트검증과_현1순위_신규성경계_2026-09-08.md:116; 18_CVPR_SOTA_전수대조와_투고가능성_판정_2026-09-08.md:339,
B04,,True,기반·확장 관련 문헌,환자·사용자 DP와 DP diffusion 학습,Charles / Fixed-compute ELS vs ULS,Fine-Tuning Large Language Models with User-Level Differential Privacy,arXiv 2024 공개본; fixed-compute 제목은 저자 2025 설명 참조,같은 계산예산에서 example/user sampling 비교와 tight accounting.,https://arxiv.org/abs/2407.07737,https://arxiv.org/pdf/2407.07737,PDF 응답 확인,04_관련근접연구_claim_matrix_2026-09-02.md:216; 06_ISIC_실제_gradient_진단과_현재_방법판정_2026-09-02.md:210; 10_CVPR_reset_관련근접연구_새방향_2026-09-03.md:68; 16_biometric_선행충돌과_patient_exposure_tail_결과_2026-09-03.md:73; 18_CVPR_SOTA_전수대조와_투고가능성_판정_2026-09-08.md:356,기존 기록의 Learning with User-Level Differential Privacy Under Fixed Compute Budgets와 연결된 arXiv 제목은 Fine-Tuning Large Language Models with User-Level Differential Privacy. 제목을 임의로 일치시키지 않음.
B05,,False,,환자·사용자 DP와 DP diffusion 학습,Mind the Privacy Unit!,Mind the Privacy Unit! User-Level Differential Privacy for Language Model Fine-Tuning,COLM 2024 / arXiv 공개본,사용자 단위와 example 단위 보호의 차이. 의료만의 새 문제라는 주장 제한.,https://arxiv.org/abs/2406.14322,https://arxiv.org/pdf/2406.14322,PDF 응답 확인,01_독립_논문_방향_추천_순위와_근거_2026-09-02.md:59; 03_근접연구_재검증과_1순위_최종판단_2026-09-02.md:168; 04_관련근접연구_claim_matrix_2026-09-02.md:214,
B06,,False,,환자·사용자 DP와 DP diffusion 학습,Ganesh / Tight group privacy,Tight Group-Level DP Guarantees for DP-SGD with Sampling via Mixture of Gaussians Mechanisms,arXiv 2024 공개본,DP-SGD의 구조를 이용한 tight group accounting. generic group bound의 대조.,https://arxiv.org/abs/2401.10294,https://arxiv.org/pdf/2401.10294,PDF 응답 확인,01_독립_논문_방향_추천_순위와_근거_2026-09-02.md:60; 03_근접연구_재검증과_1순위_최종판단_2026-09-02.md:167; 04_관련근접연구_claim_matrix_2026-09-02.md:218,
B07,,False,,환자·사용자 DP와 DP diffusion 학습,HiGradAvgDP,Subject Granular Differential Privacy in Federated Learning,arXiv 2022 공개본,subject granular DP와 계층적 gradient 집계의 선행.,https://arxiv.org/abs/2206.03617,https://arxiv.org/pdf/2206.03617,PDF 응답 확인,04_관련근접연구_claim_matrix_2026-09-02.md:210,
B08,11,True,직접 방법·평가 비교군,환자·사용자 DP와 DP diffusion 학습,DP-LoRA,Differentially Private Fine-Tuning of Diffusion Models,ICCV 2025,현재 LoRA DP diffusion 학습의 직접 기준선. rank·학습 모듈·multiplicity 조건 대조.,https://openaccess.thecvf.com/content/ICCV2025/html/Tsai_Differentially_Private_Fine-Tuning_of_Diffusion_Models_ICCV_2025_paper.html,https://openaccess.thecvf.com/content/ICCV2025/papers/Tsai_Differentially_Private_Fine-Tuning_of_Diffusion_Models_ICCV_2025_paper.pdf,PDF 응답 확인,01_독립_논문_방향_추천_순위와_근거_2026-09-02.md:152; 03_근접연구_재검증과_1순위_최종판단_2026-09-02.md:160; 04_관련근접연구_claim_matrix_2026-09-02.md:222; 10_CVPR_reset_관련근접연구_새방향_2026-09-03.md:66; 18_CVPR_SOTA_전수대조와_투고가능성_판정_2026-09-08.md:340,
B09,,True,기반·확장 관련 문헌,환자·사용자 DP와 DP diffusion 학습,DPDM,Differentially Private Diffusion Models,TMLR 2023 / arXiv 공개본,DP diffusion과 noise multiplicity의 기초. 단순 DP diffusion은 이미 존재.,https://arxiv.org/abs/2210.09929,https://arxiv.org/pdf/2210.09929,PDF 응답 확인,01_독립_논문_방향_추천_순위와_근거_2026-09-02.md:49; 03_근접연구_재검증과_1순위_최종판단_2026-09-02.md:161; 04_관련근접연구_claim_matrix_2026-09-02.md:220; 04_관련근접연구_claim_matrix_2026-09-02.md:304; 06_ISIC_실제_gradient_진단과_현재_방법판정_2026-09-02.md:200; 10_CVPR_reset_관련근접연구_새방향_2026-09-03.md:66; 18_CVPR_SOTA_전수대조와_투고가능성_판정_2026-09-08.md:349,
B10,,True,기반·확장 관련 문헌,환자·사용자 DP와 DP diffusion 학습,DP-LDM,Differentially Private Latent Diffusion Models,TMLR 2024 / arXiv 공개본,latent diffusion의 선택적 DP fine-tuning. DP-LoRA 이전 직접 선행.,https://openreview.net/pdf?id=AkdQ266kHj,https://arxiv.org/pdf/2305.15759,PDF 응답 확인,18_CVPR_SOTA_전수대조와_투고가능성_판정_2026-09-08.md:350,
B11,,True,기반·확장 관련 문헌,환자·사용자 DP와 DP diffusion 학습,PrivImage,PrivImage: Differentially Private Synthetic Image Generation using Diffusion Models with Semantic-Aware Pretraining,USENIX Security 2024,semantic-aware public pretraining을 이용한 DP image synthesis.,https://www.usenix.org/conference/usenixsecurity24/presentation/li-kecen,https://www.usenix.org/system/files/usenixsecurity24-li-kecen.pdf,PDF 응답 확인,04_관련근접연구_claim_matrix_2026-09-02.md:224; 10_CVPR_reset_관련근접연구_새방향_2026-09-03.md:66; 18_CVPR_SOTA_전수대조와_투고가능성_판정_2026-09-08.md:351,
B12,,True,기반·확장 관련 문헌,환자·사용자 DP와 DP diffusion 학습,dp-promise,dp-promise: Differentially Private Diffusion Probabilistic Models for Image Synthesis,USENIX Security 2024,DP diffusion image synthesis의 강한 기존 방법.,https://www.usenix.org/conference/usenixsecurity24/presentation/wang-haichen,https://www.usenix.org/system/files/usenixsecurity24-wang-haichen.pdf,PDF 응답 확인,04_관련근접연구_claim_matrix_2026-09-02.md:226; 18_CVPR_SOTA_전수대조와_투고가능성_판정_2026-09-08.md:352,
B13,,True,기반·확장 관련 문헌,환자·사용자 DP와 DP diffusion 학습,RAPID,RAPID: Retrieval Augmented Training of Differentially Private Diffusion Models,ICLR 2025,retrieval을 활용한 DP diffusion 학습. public-data 활용 조건을 맞춰 비교.,https://proceedings.iclr.cc/paper_files/paper/2025/hash/5a04615295b7512ad3ce691400e26bc7-Abstract-Conference.html,https://proceedings.iclr.cc/paper_files/paper/2025/file/5a04615295b7512ad3ce691400e26bc7-Paper-Conference.pdf,PDF 응답 확인,18_CVPR_SOTA_전수대조와_투고가능성_판정_2026-09-08.md:353,
B14,,True,직접 방법·평가 비교군,환자·사용자 DP와 DP diffusion 학습,Daum / Private 3D medical LDM,On Differentially Private 3D Medical Image Synthesis with Controllable Latent Diffusion Models,DGM4MICCAI 2024 / arXiv 공개본,의료 DP latent diffusion은 이미 존재. 반복 2D 환자 기록과의 문제 차이.,https://arxiv.org/abs/2407.16405,https://arxiv.org/pdf/2407.16405,PDF 응답 확인,03_근접연구_재검증과_1순위_최종판단_2026-09-02.md:158; 04_관련근접연구_claim_matrix_2026-09-02.md:232; 10_CVPR_reset_관련근접연구_새방향_2026-09-03.md:67; 16_biometric_선행충돌과_patient_exposure_tail_결과_2026-09-03.md:74; 18_CVPR_SOTA_전수대조와_투고가능성_판정_2026-09-08.md:354,
B15,,False,,환자·사용자 DP와 DP diffusion 학습,DP diffusion useful synthetic images,Differentially Private Diffusion Models Generate Useful Synthetic Images,arXiv 2023 공개본,public pretraining과 DP synthetic image utility의 선행.,https://arxiv.org/html/2302.13861,https://arxiv.org/pdf/2302.13861,PDF 응답 확인,04_관련근접연구_claim_matrix_2026-09-02.md:306; 06_ISIC_실제_gradient_진단과_현재_방법판정_2026-09-02.md:202,
B16,,False,,환자·사용자 DP와 DP diffusion 학습,SPTI,Synthesize Privacy-Preserving High-Resolution Images via Private Textual Intermediaries,NeurIPS 2025,private textual intermediary를 이용한 고해상도 DP 합성.,https://proceedings.neurips.cc/paper_files/paper/2025/hash/38380a17248c4dfc4f48fc4d836d9b62-Abstract-Conference.html,https://proceedings.neurips.cc/paper_files/paper/2025/file/38380a17248c4dfc4f48fc4d836d9b62-Paper-Conference.pdf,PDF 응답 확인,04_관련근접연구_claim_matrix_2026-09-02.md:228,
B17,,False,,환자·사용자 DP와 DP diffusion 학습,RPGen,RPGen: Robust and Differentially Private Synthetic Image Generation,AAAI 2026,강건한 DP synthetic image generation의 인접 비교.,https://ojs.aaai.org/index.php/AAAI/article/view/38016,https://ojs.aaai.org/index.php/AAAI/article/download/38016/41978,PDF 응답 확인,04_관련근접연구_claim_matrix_2026-09-02.md:230,
B18,,False,,환자·사용자 DP와 DP diffusion 학습,How to DP-fy Your Data,How to DP-fy Your Data: A Practical Guide to Generating Synthetic Data With Differential Privacy,JAIR 2026 / arXiv 공개본,DP 합성데이터의 실무적 단위·평가·비교 지침.,https://arxiv.org/abs/2512.03238,https://arxiv.org/pdf/2512.03238,PDF 응답 확인,03_근접연구_재검증과_1순위_최종판단_2026-09-02.md:163; 04_관련근접연구_claim_matrix_2026-09-02.md:240,
C01,13,True,기반·확장 관련 문헌,출발점인 federated diffusion과 인접 확장,PFDM,Personalized Federated Training of Diffusion Models with Privacy Guarantees,CVPR 2026,처음 출발한 personalized federated diffusion. hospital/client와 내부 patient 단위를 구분.,https://openaccess.thecvf.com/content/CVPR2026/html/Patel_Personalized_Federated_Training_of_Diffusion_Models_with_Privacy_Guarantees_CVPR_2026_paper.html,https://openaccess.thecvf.com/content/CVPR2026/papers/Patel_Personalized_Federated_Training_of_Diffusion_Models_with_Privacy_Guarantees_CVPR_2026_paper.pdf,PDF 응답 확인,01_독립_논문_방향_추천_순위와_근거_2026-09-02.md:104; 03_근접연구_재검증과_1순위_최종판단_2026-09-02.md:157; 04_관련근접연구_claim_matrix_2026-09-02.md:206; 06_ISIC_실제_gradient_진단과_현재_방법판정_2026-09-02.md:192; 10_CVPR_reset_관련근접연구_새방향_2026-09-03.md:40; 14_SetAdapter_context_반증과_주제재판정_2026-09-03.md:223; 16_biometric_선행충돌과_patient_exposure_tail_결과_2026-09-03.md:99; 17_탈옥트렌드_팩트검증과_현1순위_신규성경계_2026-09-08.md:109; 18_CVPR_SOTA_전수대조와_투고가능성_판정_2026-09-08.md:337,
C02,,False,,출발점인 federated diffusion과 인접 확장,PF-LDM,Personalized Federated Training of Latent Diffusion Models with Privacy Guarantees,ICML 2026 FoGen workshop 관련 공개 예비 원고,PFDM의 latent extension과 직접 충돌하는 선행.,https://openreview.net/pdf?id=SBHfiFsWRV,https://openreview.net/pdf?id=SBHfiFsWRV,브라우저 확인 필요,01_독립_논문_방향_추천_순위와_근거_2026-09-02.md:110,연결된 익명 PDF는 under-review 표기; main-track 채택 논문으로 표시하지 않음.
C03,,False,,출발점인 federated diffusion과 인접 확장,SPIRE,SPIRE: Conditional Personalization for Federated Diffusion Generative Models,AISTATS 2026 / arXiv 공개본,공유 backbone과 가벼운 client personalization의 선행.,https://virtual.aistats.org/virtual/2026/poster/13457,https://arxiv.org/pdf/2506.12303,PDF 응답 확인,01_독립_논문_방향_추천_순위와_근거_2026-09-02.md:111,
C04,,False,,출발점인 federated diffusion과 인접 확장,FedDP-PALD,FedDP-PALD: A Privacy-Preserving Federated Latent Diffusion Framework with Prototype Aggregation for Medical Data Synthesis,arXiv 2026-07,의료 federated latent synthesis와 DP prototype aggregation. federation 확장 시 대조.,https://arxiv.org/abs/2607.16300,https://arxiv.org/pdf/2607.16300,PDF 응답 확인,01_독립_논문_방향_추천_순위와_근거_2026-09-02.md:112; 10_CVPR_reset_관련근접연구_새방향_2026-09-03.md:72,
D01,,False,,이전 생성방법 후보·노이즈·다중영상·종단영상,Adaptive non-uniform timestep sampling,Adaptive Non-Uniform Timestep Sampling for Accelerating Diffusion Model Training,CVPR 2025,이전 PCM·timestep 분배 후보의 신규성 대조.,https://openaccess.thecvf.com/content/CVPR2025/html/Kim_Adaptive_Non-Uniform_Timestep_Sampling_for_Accelerating_Diffusion_Model_Training_CVPR_2025_paper.html,https://openaccess.thecvf.com/content/CVPR2025/papers/Kim_Adaptive_Non-Uniform_Timestep_Sampling_for_Accelerating_Diffusion_Model_Training_CVPR_2025_paper.pdf,PDF 응답 확인,04_관련근접연구_claim_matrix_2026-09-02.md:238; 06_ISIC_실제_gradient_진단과_현재_방법판정_2026-09-02.md:208,
D02,,False,,이전 생성방법 후보·노이즈·다중영상·종단영상,VDM,Variational Diffusion Models,NeurIPS 2021,노이즈 스케줄·시간 표본화의 기초. antithetic time만으로 새 방법이 아님.,https://research.google/pubs/variational-diffusion-models/,https://arxiv.org/pdf/2107.00630,PDF 응답 확인,06_ISIC_실제_gradient_진단과_현재_방법판정_2026-09-02.md:194,
D03,,False,,이전 생성방법 후보·노이즈·다중영상·종단영상,Blue noise,Blue noise for diffusion models,arXiv 2024 공개본,noise correlation·noise-image 배치의 선행.,https://arxiv.org/abs/2402.04930,https://arxiv.org/pdf/2402.04930,PDF 응답 확인,10_CVPR_reset_관련근접연구_새방향_2026-09-03.md:78,
D04,,False,,이전 생성방법 후보·노이즈·다중영상·종단영상,Antithetic Noise,Antithetic Noise in Diffusion Models,arXiv 2025 공개본,z와 -z를 이용한 diffusion sampling의 선행.,https://arxiv.org/abs/2506.06185,https://arxiv.org/pdf/2506.06185,PDF 응답 확인,10_CVPR_reset_관련근접연구_새방향_2026-09-03.md:80,
D05,,False,,이전 생성방법 후보·노이즈·다중영상·종단영상,CleanDIFT,CleanDIFT: Diffusion Features without Noise,arXiv 2024 공개본,diffusion feature와 timestep 처리의 인접 연구.,https://arxiv.org/abs/2412.03439,https://arxiv.org/pdf/2412.03439,PDF 응답 확인,04_관련근접연구_claim_matrix_2026-09-02.md:308; 06_ISIC_실제_gradient_진단과_현재_방법판정_2026-09-02.md:204,
D06,,False,,이전 생성방법 후보·노이즈·다중영상·종단영상,HDiT,Scalable High-Resolution Pixel-Space Image Synthesis with Hourglass Diffusion Transformers,ICML 2024,고해상도 diffusion의 구조·계산 효율 비교.,https://proceedings.mlr.press/v235/crowson24a.html,https://raw.githubusercontent.com/mlresearch/v235/main/assets/crowson24a/crowson24a.pdf,PDF 응답 확인,04_관련근접연구_claim_matrix_2026-09-02.md:310; 06_ISIC_실제_gradient_진단과_현재_방법판정_2026-09-02.md:206,
D07,,False,,이전 생성방법 후보·노이즈·다중영상·종단영상,M2M diffusion,Many-to-many Image Generation with Auto-regressive Diffusion Models,arXiv 2024 공개본,여러 이미지의 autoregressive 생성. set output 자체의 선행.,https://arxiv.org/abs/2404.03109,https://arxiv.org/pdf/2404.03109,PDF 응답 확인,10_CVPR_reset_관련근접연구_새방향_2026-09-03.md:69,
D08,,False,,이전 생성방법 후보·노이즈·다중영상·종단영상,EHRXDiff,Towards Predicting Temporal Changes in a Patient’s Chest X-ray Images based on Electronic Health Records,MIDL 2025,EHR를 이용한 환자 CXR 시간 변화 예측. 종단영상 후보의 직접 선행.,https://proceedings.mlr.press/v287/kyung25a.html,https://raw.githubusercontent.com/mlresearch/v287/main/assets/kyung25a/kyung25a.pdf,PDF 응답 확인,04_관련근접연구_claim_matrix_2026-09-02.md:507; 10_CVPR_reset_관련근접연구_새방향_2026-09-03.md:70; 14_SetAdapter_context_반증과_주제재판정_2026-09-03.md:225,
D09,,False,,이전 생성방법 후보·노이즈·다중영상·종단영상,DDL-CXR,Addressing Asynchronicity in Clinical Multimodal Fusion via Individualized Chest X-ray Generation,NeurIPS 2024,이전 CXR와 EHR로 환자별 표현을 생성하는 비동기 multimodal fusion.,https://papers.neurips.cc/paper_files/paper/2024/file/3310034c97fab48fdbcba18f90fd5364-Paper-Conference.pdf,https://papers.neurips.cc/paper_files/paper/2024/file/3310034c97fab48fdbcba18f90fd5364-Paper-Conference.pdf,PDF 응답 확인,04_관련근접연구_claim_matrix_2026-09-02.md:508; 14_SetAdapter_context_반증과_주제재판정_2026-09-03.md:227,
D10,,False,,이전 생성방법 후보·노이즈·다중영상·종단영상,Longitudinal conditional LDM,Conditional Latent Diffusion Models for Irregularly Spaced Longitudinal Radiological Data,MICCAI 2025,불규칙 시간 간격의 longitudinal medical diffusion.,https://papers.miccai.org/miccai-2025/0164-Paper2656.html,https://papers.miccai.org/miccai-2025/paper/2656_paper.pdf,PDF 응답 확인,04_관련근접연구_claim_matrix_2026-09-02.md:510; 10_CVPR_reset_관련근접연구_새방향_2026-09-03.md:70; 14_SetAdapter_context_반증과_주제재판정_2026-09-03.md:229,
D11,,False,,이전 생성방법 후보·노이즈·다중영상·종단영상,LoCI-DiffCom,LoCI-DiffCom: Longitudinal Consistency-Informed Diffusion Model for 3D Infant Brain Image Completion,MICCAI 2024,종단영상 일관성을 사용한 infant MRI completion.,https://papers.miccai.org/miccai-2024/paper/1964_paper.pdf,https://papers.miccai.org/miccai-2024/paper/1964_paper.pdf,PDF 응답 확인,04_관련근접연구_claim_matrix_2026-09-02.md:511; 14_SetAdapter_context_반증과_주제재판정_2026-09-03.md:231,
D12,,False,,이전 생성방법 후보·노이즈·다중영상·종단영상,BrLP,Enhancing Spatiotemporal Disease Progression Models via Latent Diffusion and Prior Knowledge,MICCAI 2024,latent diffusion과 prior knowledge를 이용한 질병 진행 예측.,https://papers.miccai.org/miccai-2024/paper/0511_paper.pdf,https://papers.miccai.org/miccai-2024/paper/0511_paper.pdf,PDF 응답 확인,04_관련근접연구_claim_matrix_2026-09-02.md:512; 14_SetAdapter_context_반증과_주제재판정_2026-09-03.md:233,
D13,,False,,이전 생성방법 후보·노이즈·다중영상·종단영상,SPAD,SPAD: Spatially Aware Multi-View Diffusers,CVPR 2024,공간 정보를 쓰는 multi-view diffusion. set attention 일반론의 선행.,https://openaccess.thecvf.com/content/CVPR2024/html/Kant_SPAD_Spatially_Aware_Multi-View_Diffusers_CVPR_2024_paper.html,https://openaccess.thecvf.com/content/CVPR2024/papers/Kant_SPAD_Spatially_Aware_Multi-View_Diffusers_CVPR_2024_paper.pdf,PDF 응답 확인,04_관련근접연구_claim_matrix_2026-09-02.md:514; 14_SetAdapter_context_반증과_주제재판정_2026-09-03.md:237,
D14,,False,,이전 생성방법 후보·노이즈·다중영상·종단영상,EpiDiff,EpiDiff: Enhancing Multi-View Synthesis via Localized Epipolar-Constrained Diffusion,CVPR 2024,epipolar 제약을 이용한 multi-view diffusion.,https://openaccess.thecvf.com/content/CVPR2024/html/Huang_EpiDiff_Enhancing_Multi-View_Synthesis_via_Localized_Epipolar-Constrained_Diffusion_CVPR_2024_paper.html,https://openaccess.thecvf.com/content/CVPR2024/papers/Huang_EpiDiff_Enhancing_Multi-View_Synthesis_via_Localized_Epipolar-Constrained_Diffusion_CVPR_2024_paper.pdf,PDF 응답 확인,04_관련근접연구_claim_matrix_2026-09-02.md:516; 14_SetAdapter_context_반증과_주제재판정_2026-09-03.md:239,
D15,,False,,이전 생성방법 후보·노이즈·다중영상·종단영상,Correspondence-Attention Alignment,Correspondence-Attention Alignment for Multi-View Diffusion Models,CVPR 2026,multi-view correspondence·attention 정렬. 이전 SetAdapter 구조 대조.,https://openaccess.thecvf.com/content/CVPR2026/html/Kwon_Correspondence-Attention_Alignment_for_Multi-View_Diffusion_Models_CVPR_2026_paper.html,https://openaccess.thecvf.com/content/CVPR2026/papers/Kwon_Correspondence-Attention_Alignment_for_Multi-View_Diffusion_Models_CVPR_2026_paper.pdf,PDF 응답 확인,04_관련근접연구_claim_matrix_2026-09-02.md:518; 14_SetAdapter_context_반증과_주제재판정_2026-09-03.md:241,
D16,,False,,이전 생성방법 후보·노이즈·다중영상·종단영상,Align Images Before You Generate,Align Images Before You Generate,CVPR 2026,생성 전 image alignment의 선행. 다중영상 후보의 범위 제한.,https://openaccess.thecvf.com/content/CVPR2026/html/Zhang_Align_Images_Before_You_Generate_CVPR_2026_paper.html,https://openaccess.thecvf.com/content/CVPR2026/papers/Zhang_Align_Images_Before_You_Generate_CVPR_2026_paper.pdf,PDF 응답 확인,04_관련근접연구_claim_matrix_2026-09-02.md:520; 14_SetAdapter_context_반증과_주제재판정_2026-09-03.md:243,
E01,,False,,졸업논문 receipt·실행증명·의료 워터마킹,Confidential-DPproof,Confidential-DPproof: Confidential Proof of Differentially Private Training,ICLR 2024,DP 학습 실행의 비밀 증명. signed receipt만으로 실행을 증명했다는 주장 제한.,https://proceedings.iclr.cc/paper_files/paper/2024/hash/113ae3a9762ca2168f860a8501d6ae25-Abstract-Conference.html,https://proceedings.iclr.cc/paper_files/paper/2024/file/113ae3a9762ca2168f860a8501d6ae25-Paper-Conference.pdf,PDF 응답 확인,01_독립_논문_방향_추천_순위와_근거_2026-09-02.md:173,
E02,,False,,졸업논문 receipt·실행증명·의료 워터마킹,VeriDP,VeriDP: Verifiable Differentially Private Training,PoPETs 2026,검증 가능한 DP 학습. 악의적 trainer threat model의 직접 선행.,https://petsymposium.org/popets/2026/popets-2026-0070.php,https://petsymposium.org/popets/2026/popets-2026-0070.pdf,PDF 응답 확인,01_독립_논문_방향_추천_순위와_근거_2026-09-02.md:174,
E03,,False,,졸업논문 receipt·실행증명·의료 워터마킹,MedSign,Pathology-Aware Adaptive Watermarking for Text-Driven Medical Image Synthesis,MICCAI 2025,병리를 고려한 의료 생성 watermarking. PP-Mark의 새 적용 기여와 구분.,https://papers.miccai.org/miccai-2025/0673-Paper0428.html,https://papers.miccai.org/miccai-2025/paper/0428_paper.pdf,PDF 응답 확인,01_독립_논문_방향_추천_순위와_근거_2026-09-02.md:180,
F01,,False,,탈옥 트렌드 참고: 현재 주제의 직접 선행과 별도,Best-of-N Jailbreaking,Best-of-N Jailbreaking,NeurIPS 2025,17번 탈옥 트렌드 설명의 참고. 의료 DP 기여의 직접 선행은 아님.,https://proceedings.neurips.cc/paper_files/paper/2025/hash/69f3eb242c7c9df9ea2f2b66ea8b3c0f-Abstract-Conference.html,https://proceedings.neurips.cc/paper_files/paper/2025/file/69f3eb242c7c9df9ea2f2b66ea8b3c0f-Paper-Conference.pdf,PDF 응답 확인,17_탈옥트렌드_팩트검증과_현1순위_신규성경계_2026-09-08.md:110,
F02,,False,,탈옥 트렌드 참고: 현재 주제의 직접 선행과 별도,Weak-to-Strong Jailbreaking,Weak-to-Strong Jailbreaking on Large Language Models,ICML 2025,17번 트렌드 팩트검증 참고.,https://proceedings.mlr.press/v267/zhao25aa.html,https://raw.githubusercontent.com/mlresearch/v267/main/assets/zhao25aa/zhao25aa.pdf,PDF 응답 확인,17_탈옥트렌드_팩트검증과_현1순위_신규성경계_2026-09-08.md:111,
F03,,False,,탈옥 트렌드 참고: 현재 주제의 직접 선행과 별도,Distraction is All You Need,Distraction is All You Need for Multimodal Large Language Model Jailbreaking,CVPR 2025,17번 multimodal jailbreak 트렌드 참고.,https://openaccess.thecvf.com/content/CVPR2025/html/Yang_Distraction_is_All_You_Need_for_Multimodal_Large_Language_Model_CVPR_2025_paper.html,https://openaccess.thecvf.com/content/CVPR2025/papers/Yang_Distraction_is_All_You_Need_for_Multimodal_Large_Language_Model_CVPR_2025_paper.pdf,PDF 응답 확인,17_탈옥트렌드_팩트검증과_현1순위_신규성경계_2026-09-08.md:112,
F04,,False,,탈옥 트렌드 참고: 현재 주제의 직접 선행과 별도,Immune,Immune: Improving Safety Against Jailbreaks in Multi-modal LLMs via Inference-Time Alignment,CVPR 2025,17번 multimodal jailbreak 방어 트렌드 참고.,https://openaccess.thecvf.com/content/CVPR2025/papers/Ghosal_Immune_Improving_Safety_Against_Jailbreaks_in_Multi-modal_LLMs_via_Inference-Time_CVPR_2025_paper.pdf,https://openaccess.thecvf.com/content/CVPR2025/papers/Ghosal_Immune_Improving_Safety_Against_Jailbreaks_in_Multi-modal_LLMs_via_Inference-Time_CVPR_2025_paper.pdf,PDF 응답 확인,17_탈옥트렌드_팩트검증과_현1순위_신규성경계_2026-09-08.md:113,
