arm,method,scenario,clean_primary,D_p_p,D_p_q,D_q_p,D_q_q,R_p,R_q,K,both_positive_arithmetic
original_fit80_frozen_patient_seen,cdi_image_mean_fixed,U,False,-0.002964546375872068,0.0865316743586545,-0.01446726412071997,0.05255465778288171,0.011502717744847901,-0.03397701657577279,-0.022474298830924888,False
original_fit80_frozen_patient_seen,cdi_image_mean_tuned,U,False,0.0025902780324911223,0.008563332139232771,-0.006459695595567583,-0.011770632647995272,0.009049973628058705,-0.020333964787228043,-0.011283991159169338,False
original_fit80_frozen_patient_seen,cdi_image_max_fixed,U,False,0.025103688897930576,0.10716799264488375,0.0027548471308341815,0.018329818365227735,0.022348841767096395,-0.08883817427965601,-0.06648933251255962,False
original_fit80_frozen_patient_seen,cdi_image_max_tuned,U,False,0.008928846633422527,0.0262647760981064,-0.002897570202854305,-0.012507058111100866,0.011826416836276832,-0.03877183420920727,-0.026945417372930436,False
original_fit80_frozen_patient_seen,patient_mean26_fixed,U,False,0.005944965584626205,0.09381310779379626,-0.015740679132978053,0.01682280457488894,0.021685644717604258,-0.07699030321890732,-0.05530465850130306,False
original_fit80_frozen_patient_seen,patient_mean26_tuned,U,False,0.0033932962750348183,0.009729069581378869,-0.008647252501215119,-0.013653216411383284,0.012040548776249937,-0.023382285992762153,-0.011341737216512215,False
original_fit80_frozen_patient_seen,patient_meanmax52_fixed,U,False,0.04170787949166055,0.10590079717917233,-0.06800169632919817,0.1194821501482749,0.10970957582085872,0.013581352969102567,0.12329092878996128,True
original_fit80_frozen_patient_seen,patient_meanmax52_tuned,U,False,0.011916103820416524,0.0165073547033302,-0.016731436362103724,-0.0027940200039517915,0.028647540182520248,-0.019301374707281993,0.009346165475238255,False
original_fit80_frozen_patient_seen,dl_mean,U,False,0.016222000122070312,-0.0085296630859375,-0.0230255126953125,-0.011911392211914062,0.03924751281738281,-0.0033817291259765625,0.03586578369140625,False
original_fit80_frozen_patient_seen,dl_max,U,False,0.0224456787109375,-0.000263214111328125,-0.041046142578125,0.000591278076171875,0.0634918212890625,0.0008544921875,0.0643463134765625,True
original_fit80_frozen_patient_seen,secmi_mean,U,False,0.0009561814367771149,0.000557933934032917,3.762543201446533e-05,-0.00011244602501392365,0.0009185560047626495,-0.0006703799590468407,0.00024817604571580887,False
original_fit80_frozen_patient_seen,secmi_max,U,False,-2.2679567337036133e-05,-0.0002670884132385254,3.911927342414856e-05,-0.00016694515943527222,-6.179884076118469e-05,0.00010014325380325317,3.834441304206848e-05,False
original_fit80_frozen_patient_seen,pia_mean,U,False,0.011321783065795898,0.006437420845031738,-0.0003223419189453125,-0.005208134651184082,0.011644124984741211,-0.01164555549621582,-1.430511474609375e-06,False
original_fit80_frozen_patient_seen,pia_max,U,False,-0.0012683868408203125,-0.0012390613555908203,-0.005089521408081055,-0.0172576904296875,0.003821134567260742,-0.01601862907409668,-0.012197494506835938,False
original_fit80_frozen_patient_seen,pian_mean,U,False,0.13434648513793945,0.044087886810302734,0.03487586975097656,0.0482182502746582,0.09947061538696289,0.004130363464355469,0.10360097885131836,True
original_fit80_frozen_patient_seen,pian_max,U,False,0.09192562103271484,0.04388141632080078,0.042285919189453125,0.017128944396972656,0.04963970184326172,-0.026752471923828125,0.022887229919433594,False
original_fit80_frozen_patient_seen,patient_meanmax54_noobjective_fixed,U,False,0.05324314231053928,0.03321816151863799,-0.06489154360586813,0.06599121643751832,0.11813468591640741,0.03277305491888033,0.15090774083528774,True
original_fit80_frozen_patient_seen,patient_meanmax54_noobjective_tuned,U,False,0.015172134901200507,0.009658283593474981,-0.017318027814013703,-0.008731108542254229,0.03249016271521421,-0.01838939213572921,0.014100770579485,False
original_fit80_frozen_patient_seen,dino_existing,U,False,0.0,0.0,0.0,0.0,0.0,-0.0,0.0,False
leave_patient_out79_refit,cdi_image_mean_fixed,U,True,-0.0034239516902790923,0.08270073038070047,-0.01716886464920353,0.053519051162710385,0.013744912958924438,-0.029181679217990086,-0.015436766259065648,False
leave_patient_out79_refit,cdi_image_mean_tuned,U,False,0.0028165697733275596,0.007402104672701304,-0.006741497753172787,-0.011381347867215008,0.009558067526500347,-0.018783452539916312,-0.009225385013415965,False
leave_patient_out79_refit,cdi_image_max_fixed,U,True,0.02772733932954463,0.10284144345663904,0.0004832302005042255,0.019005210057225885,0.027244109129040406,-0.08383623339941315,-0.056592124270372746,False
leave_patient_out79_refit,cdi_image_max_tuned,U,False,0.009261442625645211,0.024175477039748317,-0.003723281807171297,-0.012499577017941021,0.012984724432816508,-0.03667505405768934,-0.02369032962487283,False
leave_patient_out79_refit,patient_mean26_fixed,U,True,0.006649255608356164,0.08752574719600914,-0.018853763050184602,0.016193595159121776,0.025503018658540766,-0.07133215203688736,-0.0458291333783466,False
leave_patient_out79_refit,patient_mean26_tuned,U,False,0.003430448126470864,0.00811788267211,-0.008723610244450675,-0.013565752226201488,0.012154058370921539,-0.021683634898311488,-0.009529576527389949,False
leave_patient_out79_refit,patient_meanmax52_fixed,U,True,0.05879570427977765,0.07370663330426519,-0.11369547593233387,0.10797663516047212,0.17249118021211152,0.03427000185620693,0.20676118206831845,True
leave_patient_out79_refit,patient_meanmax52_tuned,U,False,0.012817015546584876,0.013650925280093373,-0.017246988488785475,-0.0026316998217083,0.03006400403537035,-0.016282625101801673,0.013781378933568678,False
leave_patient_out79_refit,dl_mean,U,False,0.016222000122070312,-0.0085296630859375,-0.0230255126953125,-0.011911392211914062,0.03924751281738281,-0.0033817291259765625,0.03586578369140625,False
leave_patient_out79_refit,dl_max,U,False,0.0224456787109375,-0.000263214111328125,-0.041046142578125,0.000591278076171875,0.0634918212890625,0.0008544921875,0.0643463134765625,True
leave_patient_out79_refit,secmi_mean,U,False,0.0009561814367771149,0.000557933934032917,3.762543201446533e-05,-0.00011244602501392365,0.0009185560047626495,-0.0006703799590468407,0.00024817604571580887,False
leave_patient_out79_refit,secmi_max,U,False,-2.2679567337036133e-05,-0.0002670884132385254,3.911927342414856e-05,-0.00016694515943527222,-6.179884076118469e-05,0.00010014325380325317,3.834441304206848e-05,False
leave_patient_out79_refit,pia_mean,U,False,0.011321783065795898,0.006437420845031738,-0.0003223419189453125,-0.005208134651184082,0.011644124984741211,-0.01164555549621582,-1.430511474609375e-06,False
leave_patient_out79_refit,pia_max,U,False,-0.0012683868408203125,-0.0012390613555908203,-0.005089521408081055,-0.0172576904296875,0.003821134567260742,-0.01601862907409668,-0.012197494506835938,False
leave_patient_out79_refit,pian_mean,U,False,0.13434648513793945,0.044087886810302734,0.03487586975097656,0.0482182502746582,0.09947061538696289,0.004130363464355469,0.10360097885131836,True
leave_patient_out79_refit,pian_max,U,False,0.09192562103271484,0.04388141632080078,0.042285919189453125,0.017128944396972656,0.04963970184326172,-0.026752471923828125,0.022887229919433594,False
leave_patient_out79_refit,patient_meanmax54_noobjective_fixed,U,False,0.07291122880040768,0.016805097917859002,-0.10636569340615698,0.06784362057280507,0.17927692220656466,0.05103852265494607,0.23031544486151073,True
leave_patient_out79_refit,patient_meanmax54_noobjective_tuned,U,False,0.015950463842101414,0.007352532402041256,-0.017818313907529637,-0.008067226359221413,0.03376877774963105,-0.01541975876126267,0.018349018988368382,False
original_fit80_frozen_patient_seen,cdi_image_mean_fixed,E,False,0.014346907027876166,0.04498155650148339,-0.02936179696824004,-0.0432384383131188,0.043708703996116205,-0.08821999481460219,-0.04451129081848598,False
original_fit80_frozen_patient_seen,cdi_image_mean_tuned,E,False,0.007377670442460071,0.009369580619106532,-0.002246446166141114,0.0014575740395038617,0.009624116608601185,-0.00791200657960267,0.0017121100289985147,False
original_fit80_frozen_patient_seen,cdi_image_max_fixed,E,False,0.05783951264010678,0.054782550284552145,0.09465355906637601,-0.046402416326039364,-0.03681404642626923,-0.10118496661059151,-0.13799901303686074,False
original_fit80_frozen_patient_seen,cdi_image_max_tuned,E,False,0.0023788037438112752,0.0074724181698048175,0.007190004379456716,-2.2405139598502544e-05,-0.004811200635645441,-0.00749482330940332,-0.01230602394504876,False
original_fit80_frozen_patient_seen,patient_mean26_fixed,E,False,0.004868911013393762,0.08752234417301574,-0.07216628097912497,-0.05364208493576211,0.07703519199251874,-0.14116442910877786,-0.06412923711625912,False
original_fit80_frozen_patient_seen,patient_mean26_tuned,E,False,0.008437548415379359,0.010355034302539201,-0.00045185336197128834,0.002497102188646849,0.008889401777350647,-0.007857932113892352,0.0010314696634582954,False
original_fit80_frozen_patient_seen,patient_meanmax52_fixed,E,False,0.00684036278437572,-8.381895129194739e-06,0.025638380498568814,-0.07255775652632279,-0.018798017714193094,-0.0725493746311936,-0.09134739234538669,False
original_fit80_frozen_patient_seen,patient_meanmax52_tuned,E,False,0.010805228553685486,0.017515632639282464,0.01306096767441467,0.0020879631753317196,-0.0022557391207291833,-0.015427669463950744,-0.017683408584679927,False
original_fit80_frozen_patient_seen,dl_mean,E,False,0.035846710205078125,0.0032825469970703125,-0.009380340576171875,0.0189971923828125,0.04522705078125,0.015714645385742188,0.06094169616699219,True
original_fit80_frozen_patient_seen,dl_max,E,False,0.0350799560546875,0.003215789794921875,-0.0302734375,0.00867462158203125,0.0653533935546875,0.005458831787109375,0.07081222534179688,True
original_fit80_frozen_patient_seen,secmi_mean,E,False,-0.001020028255879879,3.285706043243408e-05,-0.001064525917172432,0.0016277693212032318,4.449766129255295e-05,0.0015949122607707977,0.0016394099220633507,True
original_fit80_frozen_patient_seen,secmi_max,E,False,-0.00031658075749874115,-0.00020517781376838684,-0.0003881361335515976,0.0013959258794784546,7.155537605285645e-05,0.0016011036932468414,0.0016726590692996979,True
original_fit80_frozen_patient_seen,pia_mean,E,False,0.0060062408447265625,0.01602482795715332,0.009879708290100098,0.0068891048431396484,-0.003873467445373535,-0.009135723114013672,-0.013009190559387207,False
original_fit80_frozen_patient_seen,pia_max,E,False,-0.027385950088500977,0.007007122039794922,0.010601997375488281,-0.0027341842651367188,-0.03798794746398926,-0.00974130630493164,-0.0477292537689209,False
original_fit80_frozen_patient_seen,pian_mean,E,False,0.1290736198425293,0.043326377868652344,0.03345823287963867,0.04588603973388672,0.09561538696289062,0.002559661865234375,0.098175048828125,True
original_fit80_frozen_patient_seen,pian_max,E,False,0.038219451904296875,0.04784965515136719,-0.04643726348876953,0.03069782257080078,0.0846567153930664,-0.017151832580566406,0.0675048828125,False
original_fit80_frozen_patient_seen,patient_meanmax54_noobjective_fixed,E,False,0.002178268754214452,0.008557266198402469,0.023582679450640076,-0.06693583217423105,-0.021404410696425624,-0.07549309837263352,-0.09689750906905914,False
original_fit80_frozen_patient_seen,patient_meanmax54_noobjective_tuned,E,False,0.0072874687003604555,0.018728164199291464,0.013345529849719262,0.003337622895495218,-0.006058061149358807,-0.015390541303796246,-0.021448602453155052,False
leave_patient_out79_refit,cdi_image_mean_fixed,E,True,0.011701259953375787,0.044523767089628685,-0.026348608848681898,-0.044726532971177346,0.038049868802057685,-0.08925030006080603,-0.05120043125874835,False
leave_patient_out79_refit,cdi_image_mean_tuned,E,False,0.005577600681505257,0.008871191822852342,-0.0034520012705702152,0.001733499150576745,0.009029601952075472,-0.007137692672275597,0.0018919092797998749,False
leave_patient_out79_refit,cdi_image_max_fixed,E,True,0.05851313110667122,0.05610450165793934,0.09853611961410563,-0.04810393399123969,-0.04002298850743441,-0.10420843564917903,-0.14423142415661344,False
leave_patient_out79_refit,cdi_image_max_tuned,E,False,0.0015704349183963684,0.007588553028238576,0.006849355232799614,0.00013947236437827915,-0.005278920314403246,-0.007449080663860297,-0.012728000978263543,False
leave_patient_out79_refit,patient_mean26_fixed,E,True,-0.002613000974690416,0.0876915958093713,-0.07760618248718715,-0.05404448905462789,0.07499318151249673,-0.1417360848639992,-0.06674290335150246,False
leave_patient_out79_refit,patient_mean26_tuned,E,False,0.006555555073377128,0.009945192855097207,-0.0018332280090458397,0.0025424895451883756,0.008388783082422968,-0.007402703309908831,0.0009860797725141368,False
leave_patient_out79_refit,patient_meanmax52_fixed,E,True,0.004671751394718315,0.006218983318213522,0.022856200203762223,-0.0715509407219041,-0.018184448809043907,-0.07776992404011762,-0.09595437284916153,False
leave_patient_out79_refit,patient_meanmax52_tuned,E,False,0.007854742893965483,0.01731525050769389,0.010260696072909248,0.0028150216825067464,-0.002405953178943765,-0.014500228825187145,-0.01690618200413091,False
leave_patient_out79_refit,dl_mean,E,False,0.035846710205078125,0.0032825469970703125,-0.009380340576171875,0.0189971923828125,0.04522705078125,0.015714645385742188,0.06094169616699219,True
leave_patient_out79_refit,dl_max,E,False,0.0350799560546875,0.003215789794921875,-0.0302734375,0.00867462158203125,0.0653533935546875,0.005458831787109375,0.07081222534179688,True
leave_patient_out79_refit,secmi_mean,E,False,-0.001020028255879879,3.285706043243408e-05,-0.001064525917172432,0.0016277693212032318,4.449766129255295e-05,0.0015949122607707977,0.0016394099220633507,True
leave_patient_out79_refit,secmi_max,E,False,-0.00031658075749874115,-0.00020517781376838684,-0.0003881361335515976,0.0013959258794784546,7.155537605285645e-05,0.0016011036932468414,0.0016726590692996979,True
leave_patient_out79_refit,pia_mean,E,False,0.0060062408447265625,0.01602482795715332,0.009879708290100098,0.0068891048431396484,-0.003873467445373535,-0.009135723114013672,-0.013009190559387207,False
leave_patient_out79_refit,pia_max,E,False,-0.027385950088500977,0.007007122039794922,0.010601997375488281,-0.0027341842651367188,-0.03798794746398926,-0.00974130630493164,-0.0477292537689209,False
leave_patient_out79_refit,pian_mean,E,False,0.1290736198425293,0.043326377868652344,0.03345823287963867,0.04588603973388672,0.09561538696289062,0.002559661865234375,0.098175048828125,True
leave_patient_out79_refit,pian_max,E,False,0.038219451904296875,0.04784965515136719,-0.04643726348876953,0.03069782257080078,0.0846567153930664,-0.017151832580566406,0.0675048828125,False
leave_patient_out79_refit,patient_meanmax54_noobjective_fixed,E,False,0.0009469453694401775,0.012830076876329866,0.02123846684842068,-0.06531885419794115,-0.0202915214789805,-0.07814893107427101,-0.09844045255325151,False
leave_patient_out79_refit,patient_meanmax54_noobjective_tuned,E,False,0.004574300738303894,0.018439691586952023,0.010503011697399534,0.003990111484679926,-0.00592871095909564,-0.014449580102272097,-0.020378291061367737,False
