family,method,budget,clipped_mse,mc_se,actual_mean_cost,cost_mc_se,calibration_mean_cost
F1_exact_discrete_outside,fixed_R1,,0.001247661122155325,1.6941175956635883e-21,1.0,0.0,1
F1_exact_discrete_outside,fixed_R2,,0.0006381469850867691,4.872541388472324e-06,2.0,0.0,2
F1_exact_discrete_outside,fixed_R4,,0.0003144388925812908,2.9932027507234716e-06,4.0,0.0,4
F1_exact_discrete_outside,fixed_R8,,0.0001552108918312495,1.6076923752941045e-06,8.0,0.0,8
F1_exact_discrete_outside,fixed_R16,,7.817890229258782e-05,8.265259989574831e-07,16.0,0.0,16
F1_exact_discrete_outside,raw_B4,4,0.001247661122155325,1.6941175956635883e-21,3.761810302734375,0.005858827279641952,3.76300048828125
F1_exact_discrete_outside,matched_fixed_for_raw_B4,4,0.0003522592823745514,3.3747328119717435e-06,3.76483154296875,0.003543773754598367,3.76300048828125
F1_exact_discrete_outside,geometry_B4,4,0.0007785655078633845,4.221304065512952e-06,3.753662109375,0.0058594839703790215,3.74725341796875
F1_exact_discrete_outside,matched_fixed_for_geometry_B4,4,0.0003530387887441739,3.3848300989035083e-06,3.7459716796875,0.0036990317598732743,3.74725341796875
F1_exact_discrete_outside,oracle_free_B4,4,0.00019694910839886576,2.136941768276914e-06,3.9962158203125,0.006783013293849543,4.0
F1_exact_discrete_outside,oracle_charged_B4,4,0.00047881428332427494,4.24756986325913e-06,3.99755859375,0.003906322646919347,4.0
F1_exact_discrete_outside,raw_B8,8,0.0007785655078633845,4.221304065512952e-06,7.562713623046875,0.029862034002451462,7.562255859375
F1_exact_discrete_outside,matched_fixed_for_raw_B8,8,0.00017180484432077837,1.8479672632852765e-06,7.5626220703125,0.006915725830605316,7.562255859375
F1_exact_discrete_outside,geometry_B8,8,0.0006603593138979461,4.6048236323192955e-06,6.768310546875,0.029297419851895108,6.73626708984375
F1_exact_discrete_outside,matched_fixed_for_geometry_B8,8,0.00020617511865019049,2.225471327220977e-06,6.7347412109375,0.010259882678032729,6.73626708984375
F1_exact_discrete_outside,oracle_free_B8,8,8.771420503556929e-05,9.674406558991223e-07,8.013671875,0.010212888220798971,8.0
F1_exact_discrete_outside,oracle_charged_B8,8,0.00012581892471629158,1.4010931303695095e-06,7.9833984375,0.015095219202695444,8.0
F1_exact_discrete_outside,raw_B16,16,0.0006603593138979461,4.6048236323192955e-06,10.577362060546875,0.04138587576133602,10.55126953125
F1_exact_discrete_outside,matched_fixed_for_raw_B16,16,0.00013121469154360623,1.4345278091349626e-06,10.569091796875,0.020648002408531204,10.55126953125
F1_exact_discrete_outside,geometry_B16,16,0.0006603593138979461,4.6048236323192955e-06,6.768310546875,0.029297419851895108,6.73626708984375
F1_exact_discrete_outside,matched_fixed_for_geometry_B16,16,0.0002035008197195931,2.189775129537655e-06,6.7293701171875,0.010241136404559615,6.73626708984375
F1_exact_discrete_outside,oracle_free_B16,16,7.817890229258782e-05,8.265259989574831e-07,8.5,0.0,8.5
F1_exact_discrete_outside,oracle_charged_B16,16,7.817890229258782e-05,8.265259989574831e-07,10.5,0.0,10.5
F2_gaussian_outside_heterogeneous,fixed_R1,,0.0019580539030358366,7.239718448431593e-05,1.0,0.0,1
F2_gaussian_outside_heterogeneous,fixed_R2,,0.0006474061877316647,6.200650741371997e-06,2.0,0.0,2
F2_gaussian_outside_heterogeneous,fixed_R4,,0.0003122728569419184,6.267801145536986e-07,4.0,0.0,4
F2_gaussian_outside_heterogeneous,fixed_R8,,0.00015627954222090248,3.131852623540815e-07,8.0,0.0,8
F2_gaussian_outside_heterogeneous,fixed_R16,,7.829044059835249e-05,1.5659228410745034e-07,16.0,0.0,16
F2_gaussian_outside_heterogeneous,raw_B4,4,0.0015236970351428735,4.6236435101549844e-05,4.031768798828125,0.00877474059702824,4.0
F2_gaussian_outside_heterogeneous,matched_fixed_for_raw_B4,4,0.0003122728569419184,6.267801145536986e-07,4.0,0.0,4.0
F2_gaussian_outside_heterogeneous,geometry_B4,4,0.0015171242312571182,6.9388542349942e-05,4.044708251953125,0.01745984184996221,4.0
F2_gaussian_outside_heterogeneous,matched_fixed_for_geometry_B4,4,0.0003122728569419184,6.267801145536986e-07,4.0,0.0,4.0
F2_gaussian_outside_heterogeneous,oracle_free_B4,4,0.00025717511784883974,6.130484532200886e-06,4.00390625,0.007812678822802363,4.0
F2_gaussian_outside_heterogeneous,oracle_charged_B4,4,0.0006474061877316647,6.200650741371997e-06,4.0,0.0,4.0
F2_gaussian_outside_heterogeneous,raw_B8,8,0.0006111711467596507,2.943613721190891e-05,8.042449951171875,0.022624960442044838,7.99981689453125
F2_gaussian_outside_heterogeneous,matched_fixed_for_raw_B8,8,0.00015628567520247443,3.1318321583464347e-07,7.9993896484375,0.0002729241927072645,7.99981689453125
F2_gaussian_outside_heterogeneous,geometry_B8,8,0.0007892720910700356,6.931850119763345e-05,8.014678955078125,0.021530475980172586,7.9996337890625
F2_gaussian_outside_heterogeneous,matched_fixed_for_geometry_B8,8,0.00015629287309752718,3.1345413891525353e-07,7.9993896484375,0.0002729241927072645,7.9996337890625
F2_gaussian_outside_heterogeneous,oracle_free_B8,8,0.00012077468755750902,6.091014477575639e-06,8.000244140625,0.013530958485021267,8.0
F2_gaussian_outside_heterogeneous,oracle_charged_B8,8,0.00015978403368391663,6.094731935794127e-06,7.9912109375,0.013492182221611302,8.0
F2_gaussian_outside_heterogeneous,raw_B16,16,0.00013117701899659014,1.2452340005110592e-05,16.004150390625,0.020986149547920944,16.0
F2_gaussian_outside_heterogeneous,matched_fixed_for_raw_B16,16,7.829044059835249e-05,1.5659228410745034e-07,16.0,0.0,16.0
F2_gaussian_outside_heterogeneous,geometry_B16,16,0.000725750491741695,6.931908557338927e-05,11.272247314453125,0.017808055350344847,11.2269287109375
F2_gaussian_outside_heterogeneous,matched_fixed_for_geometry_B16,16,0.0001249707196901211,3.9651413860793156e-07,11.25732421875,0.021781504812523535,11.2269287109375
F2_gaussian_outside_heterogeneous,oracle_free_B16,16,7.829044059835249e-05,1.5659228410745034e-07,10.0,0.0,10.0
F2_gaussian_outside_heterogeneous,oracle_charged_B16,16,7.829044059835249e-05,1.5659228410745034e-07,12.0,0.0,12.0
F3_inside_heterogeneous,fixed_R1,,0.13008581184627835,0.00024950606380151315,1.0,0.0,1
F3_inside_heterogeneous,fixed_R2,,0.06523043489186736,0.00012458238791806552,2.0,0.0,2
F3_inside_heterogeneous,fixed_R4,,0.03249628584852036,6.163627079395806e-05,4.0,0.0,4
F3_inside_heterogeneous,fixed_R8,,0.016267390803278433,3.0956390968414313e-05,8.0,0.0,8
F3_inside_heterogeneous,fixed_R16,,0.008141234287737664,1.5555875198500355e-05,16.0,0.0,16
F3_inside_heterogeneous,raw_B4,4,0.05168625880579527,0.0001572749485539288,4.00982666015625,0.0039056147184703517,4.0
F3_inside_heterogeneous,matched_fixed_for_raw_B4,4,0.03249628584852036,6.163627079395806e-05,4.0,0.0,4.0
F3_inside_heterogeneous,geometry_B4,4,0.05168625880579527,0.0001572749485539288,4.00982666015625,0.0039056147184703517,4.0
F3_inside_heterogeneous,matched_fixed_for_geometry_B4,4,0.03249628584852036,6.163627079395806e-05,4.0,0.0,4.0
F3_inside_heterogeneous,oracle_free_B4,4,0.024543878681111013,6.728823889223313e-05,4.0025634765625,0.00675442732371194,4.0
F3_inside_heterogeneous,oracle_charged_B4,4,0.05191116269885648,0.00015782152161300744,4.0032958984375,0.003906284344465187,4.0
F3_inside_heterogeneous,raw_B8,8,0.016170937413655335,3.886400446748434e-05,8.009063720703125,0.013569643211230779,7.9998779296875
F3_inside_heterogeneous,matched_fixed_for_raw_B8,8,0.016267390803278433,3.0956390968414313e-05,8.0,0.0,7.9998779296875
F3_inside_heterogeneous,geometry_B8,8,0.016170937413655335,3.886400446748434e-05,8.009063720703125,0.013569643211230779,7.9998779296875
F3_inside_heterogeneous,matched_fixed_for_geometry_B8,8,0.016267412567031674,3.095617238274697e-05,7.9998779296875,0.0001220703125,7.9998779296875
F3_inside_heterogeneous,oracle_free_B8,8,0.01230137662430441,3.3994778497285395e-05,7.9912109375,0.013571472996263496,8.0
F3_inside_heterogeneous,oracle_charged_B8,8,0.016183180821710292,3.861958814029785e-05,7.99951171875,0.01352985670534904,8.0
F3_inside_heterogeneous,raw_B16,16,0.008297027997524168,1.56359596297916e-05,16.00390625,0.01562544705572684,16.0
F3_inside_heterogeneous,matched_fixed_for_raw_B16,16,0.008141234287737664,1.5555875198500355e-05,16.0,0.0,16.0
F3_inside_heterogeneous,geometry_B16,16,0.008297027997524168,1.56359596297916e-05,16.00390625,0.01562544705572684,16.0
F3_inside_heterogeneous,matched_fixed_for_geometry_B16,16,0.008141234287737664,1.5555875198500355e-05,16.0,0.0,16.0
F3_inside_heterogeneous,oracle_free_B16,16,0.008141234287737664,1.5555875198500355e-05,16.0,0.0,16.0
F3_inside_heterogeneous,oracle_charged_B16,16,0.008298886539512268,1.5622388746795938e-05,15.9716796875,0.015623910248074944,16.0
F4_boundary_heterogeneous,fixed_R1,,0.0665513005713118,0.0010545051916045181,1.0,0.0,1
F4_boundary_heterogeneous,fixed_R2,,0.0336455731619017,0.0005413502750530573,2.0,0.0,2
F4_boundary_heterogeneous,fixed_R4,,0.016771728680895392,0.0002654928729315031,4.0,0.0,4
F4_boundary_heterogeneous,fixed_R8,,0.00842212173845953,0.00013629932914809402,8.0,0.0,8
F4_boundary_heterogeneous,fixed_R16,,0.004186776406419266,6.747975400808619e-05,16.0,0.0,16
F4_boundary_heterogeneous,raw_B4,4,0.03798904100508277,0.0006938188270798696,4.008544921875,0.00869210949045342,3.99981689453125
F4_boundary_heterogeneous,matched_fixed_for_raw_B4,4,0.01677113278145259,0.0002654942148930816,3.9998779296875,8.631411137129126e-05,3.99981689453125
F4_boundary_heterogeneous,geometry_B4,4,0.03973156115219379,0.0007282515196938334,4.01361083984375,0.009348126785587337,3.99993896484375
F4_boundary_heterogeneous,matched_fixed_for_geometry_B4,4,0.016771728680895392,0.0002654928729315031,4.0,0.0,3.99993896484375
F4_boundary_heterogeneous,oracle_free_B4,4,0.014237160625094693,0.0002121958507651149,4.0067138671875,0.007812562343961275,4.0
F4_boundary_heterogeneous,oracle_charged_B4,4,0.028738361403281277,0.00044095646213519074,3.99932861328125,0.003906365693074249,4.0
F4_boundary_heterogeneous,raw_B8,8,0.016038539049220455,0.0003959016834609015,8.0079345703125,0.02279517903949843,8.0
F4_boundary_heterogeneous,matched_fixed_for_raw_B8,8,0.00842212173845953,0.00013629932914809402,8.0,0.0,8.0
F4_boundary_heterogeneous,geometry_B8,8,0.02232456555219293,0.0005728880119667178,8.018310546875,0.025091449689162593,7.99993896484375
F4_boundary_heterogeneous,matched_fixed_for_geometry_B8,8,0.008422156811069946,0.00013629923812424503,7.9998779296875,0.0001220703125,7.99993896484375
F4_boundary_heterogeneous,oracle_free_B8,8,0.007070201062920571,0.00010744666915977333,7.997314453125,0.015625462772296997,8.0
F4_boundary_heterogeneous,oracle_charged_B8,8,0.009044251017189713,0.00013632634718193956,8.0,0.0,8.0
F4_boundary_heterogeneous,raw_B16,16,0.006661392521400354,0.00019817090486595008,15.953857421875,0.021305602182598582,15.9996337890625
F4_boundary_heterogeneous,matched_fixed_for_raw_B16,16,0.004186781510908383,6.747978780364919e-05,15.999755859375,0.000244140625,15.9996337890625
F4_boundary_heterogeneous,geometry_B16,16,0.016208636491954302,0.000517126551114204,15.977020263671875,0.025326251599200926,15.99993896484375
F4_boundary_heterogeneous,matched_fixed_for_geometry_B16,16,0.004186819180071662,6.748128943433872e-05,15.999755859375,0.000244140625,15.99993896484375
F4_boundary_heterogeneous,oracle_free_B16,16,0.004186776406419266,6.747975400808619e-05,16.0,0.0,16.0
F4_boundary_heterogeneous,oracle_charged_B16,16,0.00434427521249905,6.748000076018973e-05,15.970703125,0.015623800337251,16.0
F5_outside_homogeneous,fixed_R1,,0.022288043310007423,3.331124711642112e-05,1.0,0.0,1
F5_outside_homogeneous,fixed_R2,,0.011205031525245806,1.6186192718605685e-05,2.0,0.0,2
F5_outside_homogeneous,fixed_R4,,0.005623422674293072,7.950832451607772e-06,4.0,0.0,4
F5_outside_homogeneous,fixed_R8,,0.0028138338941357264,3.979127453665524e-06,8.0,0.0,8
F5_outside_homogeneous,fixed_R16,,0.0014046039520590305,1.9895508925421783e-06,16.0,0.0,16
F5_outside_homogeneous,raw_B4,4,0.011249692102770988,1.7159261665089603e-05,4.003265380859375,0.0008698049377050526,4.0
F5_outside_homogeneous,matched_fixed_for_raw_B4,4,0.005623422674293072,7.950832451607772e-06,4.0,0.0,4.0
F5_outside_homogeneous,geometry_B4,4,0.011234261076112657,1.6912323467645705e-05,4.002960205078125,0.0007878421172856186,4.0
F5_outside_homogeneous,matched_fixed_for_geometry_B4,4,0.005623422674293072,7.950832451607772e-06,4.0,0.0,4.0
F5_outside_homogeneous,oracle_free_B4,4,0.005623422674293072,7.950832451607772e-06,4.0,0.0,4.0
F5_outside_homogeneous,oracle_charged_B4,4,0.011205031525245806,1.6186192718605685e-05,4.0,0.0,4.0
F5_outside_homogeneous,raw_B8,8,0.004233283498614678,9.876107104086618e-06,7.9737548828125,0.010947379374866187,8.0
F5_outside_homogeneous,matched_fixed_for_raw_B8,8,0.0028138338941357264,3.979127453665524e-06,8.0,0.0,8.0
F5_outside_homogeneous,geometry_B8,8,0.004222640450243767,9.890057949420932e-06,7.9967041015625,0.01097645566217299,8.0
F5_outside_homogeneous,matched_fixed_for_geometry_B8,8,0.0028138338941357264,3.979127453665524e-06,8.0,0.0,8.0
F5_outside_homogeneous,oracle_free_B8,8,0.0028138338941357264,3.979127453665524e-06,8.0,0.0,8.0
F5_outside_homogeneous,oracle_charged_B8,8,0.004219648143535608,6.316374850054418e-06,8.0,0.0,8.0
F5_outside_homogeneous,raw_B16,16,0.0017623643555473166,4.2469883339273834e-06,15.96142578125,0.01915041903952701,16.0
F5_outside_homogeneous,matched_fixed_for_raw_B16,16,0.0014046039520590305,1.9895508925421783e-06,16.0,0.0,16.0
F5_outside_homogeneous,geometry_B16,16,0.0017509509490429872,4.205127977455308e-06,16.015625,0.019036897289865583,16.0
F5_outside_homogeneous,matched_fixed_for_geometry_B16,16,0.0014046039520590305,1.9895508925421783e-06,16.0,0.0,16.0
F5_outside_homogeneous,oracle_free_B16,16,0.0014046039520590305,1.9895508925421783e-06,16.0,0.0,16.0
F5_outside_homogeneous,oracle_charged_B16,16,0.0017549551792817057,3.7895888832828575e-06,16.00634765625,0.015625398159629697,16.0
F6_correlated_plane_outside,fixed_R1,,0.03103764215387434,0.00030613411668154236,1.0,0.0,1
F6_correlated_plane_outside,fixed_R2,,0.01553541872546559,0.0001561606865615456,2.0,0.0,2
F6_correlated_plane_outside,fixed_R4,,0.007947387917059557,8.092349534097334e-05,4.0,0.0,4
F6_correlated_plane_outside,fixed_R8,,0.004057796297699049,4.2638060592523126e-05,8.0,0.0,8
F6_correlated_plane_outside,fixed_R16,,0.0020524821087191105,2.139899522749029e-05,16.0,0.0,16
F6_correlated_plane_outside,raw_B4,4,0.02101319988568235,0.00023723067718608653,4.012847900390625,0.007302294448611022,4.0
F6_correlated_plane_outside,matched_fixed_for_raw_B4,4,0.007947387917059557,8.092349534097334e-05,4.0,0.0,4.0
F6_correlated_plane_outside,geometry_B4,4,0.021553049083902747,0.00024426827286687283,4.047149658203125,0.013729710911302173,4.0
F6_correlated_plane_outside,matched_fixed_for_geometry_B4,4,0.007947387917059557,8.092349534097334e-05,4.0,0.0,4.0
F6_correlated_plane_outside,oracle_free_B4,4,0.006597011728261245,6.870504166284373e-05,3.9833984375,0.007811661713546299,4.0
F6_correlated_plane_outside,oracle_charged_B4,4,0.013777518592108799,0.0001563319004433737,4.00299072265625,0.003906299333692205,4.0
F6_correlated_plane_outside,raw_B8,8,0.010229363699833623,0.00015040079478676694,7.981597900390625,0.024859809246854908,7.999755859375
F6_correlated_plane_outside,matched_fixed_for_raw_B8,8,0.004057795383069254,4.263806407938304e-05,7.9998779296875,0.0001220703125,7.999755859375
F6_correlated_plane_outside,geometry_B8,8,0.008652857823087737,0.00013925663698264462,8.065093994140625,0.028244238483407683,7.99993896484375
F6_correlated_plane_outside,matched_fixed_for_geometry_B8,8,0.004057795950035544,4.263806027039585e-05,7.9998779296875,0.0001220703125,7.99993896484375
F6_correlated_plane_outside,oracle_free_B8,8,0.003254938514709202,3.331481194286302e-05,7.998779296875,0.01353756163625773,8.0
F6_correlated_plane_outside,oracle_charged_B8,8,0.004244315659991418,4.327378515228661e-05,8.004150390625,0.013550729289167656,8.0
F6_correlated_plane_outside,raw_B16,16,0.0030925657712860145,5.1109558691136724e-05,15.951568603515625,0.02313768558441251,16.0
F6_correlated_plane_outside,matched_fixed_for_raw_B16,16,0.0020524821087191105,2.139899522749029e-05,16.0,0.0,16.0
F6_correlated_plane_outside,geometry_B16,16,0.0026640737633254682,4.3966785820720065e-05,16.014434814453125,0.022796557376287913,15.99957275390625
F6_correlated_plane_outside,matched_fixed_for_geometry_B16,16,0.00205260417895978,2.1399494746606032e-05,15.999755859375,0.000244140625,15.99957275390625
F6_correlated_plane_outside,oracle_free_B16,16,0.0020524821087191105,2.139899522749029e-05,16.0,0.0,16.0
F6_correlated_plane_outside,oracle_charged_B16,16,0.00209678044147226,2.1452224398277006e-05,15.97314453125,0.015624068127100398,16.0
F7_large_noise_high_dimension,fixed_R1,,1.1080102943343104,0.0007438178026001619,1.0,0.0,1
F7_large_noise_high_dimension,fixed_R2,,0.845649659909746,0.0006016185784289501,2.0,0.0,2
F7_large_noise_high_dimension,fixed_R4,,0.5853274726884831,0.00042458102813520987,4.0,0.0,4
F7_large_noise_high_dimension,fixed_R8,,0.36607520627945395,0.0002659124464976678,8.0,0.0,8
F7_large_noise_high_dimension,fixed_R16,,0.2100739698780964,0.00015192355279070762,16.0,0.0,16
F7_large_noise_high_dimension,raw_B4,4,0.8455448520281599,0.0006023180161604321,4.0008544921875,0.00022828201778419733,4.0
F7_large_noise_high_dimension,matched_fixed_for_raw_B4,4,0.5853274726884831,0.00042458102813520987,4.0,0.0,4.0
F7_large_noise_high_dimension,geometry_B4,4,0.8455448520281599,0.0006023180161604321,4.0008544921875,0.00022828201778419733,4.0
F7_large_noise_high_dimension,matched_fixed_for_geometry_B4,4,0.5853274726884831,0.00042458102813520987,4.0,0.0,4.0
F7_large_noise_high_dimension,oracle_free_B4,4,0.5853274726884831,0.00042458102813520987,4.0,0.0,4.0
F7_large_noise_high_dimension,oracle_charged_B4,4,0.845649659909746,0.0006016185784289501,4.0,0.0,4.0
F7_large_noise_high_dimension,raw_B8,8,0.4784269056892254,0.0006990223259187622,7.9481201171875,0.011047515316316477,8.0
F7_large_noise_high_dimension,matched_fixed_for_raw_B8,8,0.36607520627945395,0.0002659124464976678,8.0,0.0,8.0
F7_large_noise_high_dimension,geometry_B8,8,0.4784269056892254,0.0006990223259187622,7.9481201171875,0.011047515316316477,8.0
F7_large_noise_high_dimension,matched_fixed_for_geometry_B8,8,0.36607520627945395,0.0002659124464976678,8.0,0.0,8.0
F7_large_noise_high_dimension,oracle_free_B8,8,0.36607520627945395,0.0002659124464976678,8.0,0.0,8.0
F7_large_noise_high_dimension,oracle_charged_B8,8,0.4758400627077898,0.0003545766046179092,8.0,0.0,8.0
F7_large_noise_high_dimension,raw_B16,16,0.25007668080728473,0.00042059214971290214,15.946533203125,0.019355681119583436,16.0
F7_large_noise_high_dimension,matched_fixed_for_raw_B16,16,0.2100739698780964,0.00015192355279070762,16.0,0.0,16.0
F7_large_noise_high_dimension,geometry_B16,16,0.25007668080728473,0.00042059214971290214,15.946533203125,0.019355681119583436,16.0
F7_large_noise_high_dimension,matched_fixed_for_geometry_B16,16,0.2100739698780964,0.00015192355279070762,16.0,0.0,16.0
F7_large_noise_high_dimension,oracle_free_B16,16,0.2100739698780964,0.00015192355279070762,16.0,0.0,16.0
F7_large_noise_high_dimension,oracle_charged_B16,16,0.2492832059235206,0.00035669251591053617,15.985595703125,0.01562507159962898,16.0
